id,marca,modelo,ano,cor,preco,quilometragem,status,data_entrada,vendedor_id,categoria
CAR0001,Chevrolet,Cruze,2020,Branco,63237,85962,Reservado,2025-05-08,VEND09,Pickup
CAR0002,Hyundai,Elantra,2020,Prata,28260,16592,Disponível,2025-07-23,VEND02,Sedan
CAR0003,Honda,Civic,2022,Vermelho,29634,75011,Vendido,2025-01-22,VEND02,Sedan
CAR0004,Hyundai,Tucson,2020,Prata,30732,68950,Disponível,2025-05-25,VEND09,Hatchback
CAR0005,Volkswagen,Passat,2024,Azul,28546,41802,Disponível,2025-07-30,VEND07,Sedan
CAR0006,Ford,Escape,2021,Cinza,43233,12850,Disponível,2025-09-23,VEND03,Hatchback
CAR0007,Toyota,Corolla,2020,Azul,58005,41845,Reservado,2025-06-10,VEND02,Sedan
CAR0008,Toyota,Corolla,2022,Cinza,27466,39412,Vendido,2025-02-09,VEND03,Hatchback
CAR0009,Toyota,Camry,2023,Cinza,52150,79976,Disponível,2025-04-05,VEND10,Pickup
CAR0010,Ford,Escape,2024,Azul,29038,3517,Disponível,2025-06-06,VEND01,SUV
CAR0011,Honda,Civic,2020,Vermelho,54759,22213,Vendido,2025-04-08,VEND03,SUV
CAR0012,Chevrolet,Malibu,2024,Prata,52219,66258,Vendido,2025-01-18,VEND03,Sedan
CAR0013,Toyota,RAV4,2024,Prata,34226,88545,Disponível,2024-12-22,VEND04,SUV
CAR0014,Chevrolet,Equinox,2022,Preto,49464,13902,Disponível,2025-04-07,VEND09,SUV
CAR0015,Honda,Pilot,2024,Prata,40101,21444,Reservado,2024-12-24,VEND09,Pickup
CAR0016,Nissan,Rogue,2020,Prata,58515,70712,Reservado,2025-01-08,VEND05,Sedan
CAR0017,Toyota,Prius,2024,Prata,56100,76006,Disponível,2025-08-17,VEND07,Hatchback
CAR0018,Volkswagen,Atlas,2022,Preto,33028,3428,Reservado,2024-12-24,VEND07,Hatchback
CAR0019,Hyundai,Tucson,2021,Vermelho,54214,65865,Vendido,2025-05-27,VEND01,Sedan
CAR0020,Toyota,Camry,2024,Preto,47358,39843,Disponível,2024-12-06,VEND05,SUV
CAR0021,Toyota,Corolla,2023,Branco,58101,30228,Vendido,2025-03-08,VEND06,SUV
CAR0022,Nissan,Rogue,2020,Preto,49285,80672,Disponível,2025-08-28,VEND10,Hatchback
CAR0023,Volkswagen,Tiguan,2024,Branco,29502,62018,Reservado,2025-03-14,VEND07,Sedan
CAR0024,Nissan,Sentra,2023,Preto,68099,56389,Disponível,2025-09-07,VEND03,Sedan
CAR0025,Ford,Focus,2021,Vermelho,60923,52408,Disponível,2025-03-17,VEND08,SUV
CAR0026,Honda,Pilot,2022,Vermelho,29151,76802,Disponível,2025-05-31,VEND03,Hatchback
CAR0027,Volkswagen,Passat,2021,Branco,35715,57947,Reservado,2025-05-29,VEND01,Hatchback
CAR0028,Ford,F-150,2023,Branco,30958,12846,Vendido,2025-03-20,VEND06,Pickup
CAR0029,Nissan,Pathfinder,2023,Branco,67651,42004,Disponível,2025-08-31,VEND08,Pickup
CAR0030,Ford,Fusion,2021,Prata,57146,83389,Vendido,2025-11-07,VEND07,Hatchback
CAR0031,Ford,Fusion,2021,Cinza,27798,48563,Disponível,2025-09-21,VEND01,SUV
CAR0032,Ford,Fusion,2023,Azul,75451,50879,Vendido,2025-06-27,VEND07,Hatchback
CAR0033,Volkswagen,Passat,2024,Vermelho,63792,770,Disponível,2025-07-02,VEND07,Hatchback
CAR0034,Hyundai,Tucson,2020,Preto,64803,29883,Disponível,2025-04-12,VEND05,Hatchback
CAR0035,Hyundai,Sonata,2020,Branco,36608,2952,Disponível,2025-01-23,VEND04,Sedan
CAR0036,Hyundai,Sonata,2021,Branco,72939,66830,Disponível,2025-11-26,VEND09,Pickup
CAR0037,Hyundai,Tucson,2020,Preto,52961,92008,Vendido,2025-04-28,VEND08,Sedan
CAR0038,Nissan,Sentra,2024,Azul,50650,17298,Disponível,2024-12-04,VEND10,Sedan
CAR0039,Volkswagen,Passat,2024,Vermelho,79037,54304,Disponível,2025-02-28,VEND04,Hatchback
CAR0040,Nissan,Sentra,2020,Vermelho,67055,96653,Disponível,2025-02-11,VEND02,Pickup
CAR0041,Volkswagen,Jetta,2022,Preto,36582,50875,Disponível,2025-01-21,VEND04,Pickup
CAR0042,Nissan,Pathfinder,2020,Preto,79561,12336,Disponível,2025-09-24,VEND06,Pickup
CAR0043,Chevrolet,Malibu,2022,Azul,50344,16667,Disponível,2025-01-12,VEND06,Hatchback
CAR0044,Hyundai,Elantra,2022,Branco,45958,27957,Vendido,2024-12-15,VEND01,Pickup
CAR0045,Nissan,Altima,2022,Branco,56328,12860,Disponível,2024-12-24,VEND04,Sedan
CAR0046,Volkswagen,Atlas,2022,Branco,57130,94542,Disponível,2024-12-25,VEND05,Sedan
CAR0047,Toyota,Prius,2023,Preto,72865,40086,Disponível,2025-05-15,VEND05,Sedan
CAR0048,Volkswagen,Jetta,2024,Vermelho,77781,37442,Disponível,2025-09-04,VEND08,Sedan
CAR0049,Honda,Civic,2021,Branco,71540,84372,Vendido,2024-12-06,VEND07,Pickup
CAR0050,Ford,F-150,2023,Preto,67842,73605,Disponível,2025-05-18,VEND09,SUV
CAR0051,Chevrolet,Cruze,2022,Azul,33280,40729,Vendido,2025-10-08,VEND09,Pickup
CAR0052,Chevrolet,Equinox,2024,Prata,49448,21370,Vendido,2025-03-06,VEND09,Sedan
CAR0053,Chevrolet,Cruze,2022,Prata,58973,26334,Disponível,2025-09-26,VEND05,Hatchback
CAR0054,Ford,Focus,2021,Branco,37530,56044,Disponível,2025-02-11,VEND03,Sedan
CAR0055,Nissan,Rogue,2022,Branco,25116,75007,Disponível,2025-02-22,VEND05,Hatchback
CAR0056,Hyundai,Elantra,2021,Vermelho,26357,61297,Disponível,2025-03-14,VEND05,SUV
CAR0057,Chevrolet,Silverado,2022,Prata,70638,16868,Disponível,2025-03-22,VEND10,Sedan
CAR0058,Toyota,Prius,2024,Vermelho,31242,51661,Disponível,2025-06-15,VEND01,Sedan
CAR0059,Ford,F-150,2020,Azul,69996,19559,Disponível,2025-11-02,VEND05,Pickup
CAR0060,Honda,Civic,2021,Prata,74904,84692,Disponível,2025-06-11,VEND03,Hatchback
CAR0061,Chevrolet,Equinox,2020,Vermelho,65940,35186,Disponível,2025-06-02,VEND06,Sedan
CAR0062,Nissan,Pathfinder,2021,Prata,39137,55395,Disponível,2025-05-15,VEND05,Hatchback
CAR0063,Ford,F-150,2024,Prata,54850,2558,Disponível,2025-07-14,VEND09,SUV
CAR0064,Volkswagen,Jetta,2024,Cinza,32662,16526,Disponível,2025-07-07,VEND06,Hatchback
CAR0065,Volkswagen,Atlas,2024,Branco,49475,24365,Disponível,2025-02-10,VEND07,Hatchback
CAR0066,Toyota,Camry,2021,Vermelho,49994,90200,Reservado,2025-11-25,VEND08,SUV
CAR0067,Honda,Pilot,2023,Prata,35270,42971,Vendido,2024-12-08,VEND10,Hatchback
CAR0068,Honda,Accord,2021,Azul,67130,10994,Disponível,2025-08-10,VEND06,SUV
CAR0069,Ford,Focus,2021,Azul,72953,99475,Reservado,2025-04-24,VEND01,Pickup
CAR0070,Honda,Accord,2024,Cinza,76029,5877,Disponível,2025-07-11,VEND06,SUV
CAR0071,Hyundai,Elantra,2021,Vermelho,45387,24244,Disponível,2025-01-16,VEND02,SUV
CAR0072,Chevrolet,Silverado,2020,Azul,67559,60422,Disponível,2025-05-24,VEND10,SUV
CAR0073,Ford,Focus,2023,Azul,74090,328,Disponível,2025-05-03,VEND01,Hatchback
CAR0074,Honda,CR-V,2024,Cinza,77315,62751,Vendido,2024-12-08,VEND09,Sedan
CAR0075,Ford,F-150,2021,Prata,54862,51351,Disponível,2025-05-29,VEND07,Hatchback
CAR0076,Hyundai,Sonata,2021,Cinza,47012,22242,Disponível,2025-11-04,VEND07,Hatchback
CAR0077,Ford,Focus,2021,Cinza,57776,99776,Disponível,2025-10-09,VEND09,Sedan
CAR0078,Volkswagen,Jetta,2021,Azul,79358,26755,Vendido,2025-11-12,VEND10,SUV
CAR0079,Hyundai,Elantra,2023,Azul,27761,28486,Disponível,2025-02-24,VEND05,Sedan
CAR0080,Volkswagen,Tiguan,2021,Preto,76576,27456,Vendido,2025-09-22,VEND04,Hatchback
CAR0081,Toyota,RAV4,2021,Branco,77730,16413,Reservado,2025-01-28,VEND06,SUV
CAR0082,Volkswagen,Atlas,2021,Preto,67134,34496,Vendido,2025-08-09,VEND03,Sedan
CAR0083,Honda,CR-V,2022,Cinza,54933,12025,Disponível,2025-10-24,VEND07,Pickup
CAR0084,Volkswagen,Jetta,2022,Preto,71806,32289,Disponível,2025-11-15,VEND02,Sedan
CAR0085,Hyundai,Tucson,2023,Cinza,62797,9312,Disponível,2025-05-02,VEND10,Hatchback
CAR0086,Nissan,Altima,2022,Prata,57297,84699,Vendido,2025-01-17,VEND05,SUV
CAR0087,Honda,Civic,2021,Azul,40851,18720,Disponível,2025-08-23,VEND07,Sedan
CAR0088,Nissan,Altima,2020,Vermelho,36508,29146,Disponível,2025-10-24,VEND06,Hatchback
CAR0089,Chevrolet,Equinox,2022,Prata,51457,53625,Disponível,2025-02-17,VEND10,SUV
CAR0090,Chevrolet,Malibu,2022,Azul,69088,61905,Disponível,2025-06-24,VEND10,SUV
CAR0091,Nissan,Rogue,2024,Prata,71841,37330,Vendido,2025-03-03,VEND07,Pickup
CAR0092,Honda,Accord,2020,Vermelho,77785,3656,Disponível,2025-01-03,VEND09,SUV
CAR0093,Nissan,Rogue,2020,Azul,66655,2297,Disponível,2024-12-24,VEND06,Pickup
CAR0094,Hyundai,Sonata,2023,Preto,61610,10169,Disponível,2025-08-04,VEND05,Sedan
CAR0095,Ford,Fusion,2020,Azul,25852,89078,Disponível,2025-03-17,VEND07,Hatchback
CAR0096,Volkswagen,Atlas,2020,Vermelho,77786,69860,Disponível,2025-07-25,VEND01,Pickup
CAR0097,Toyota,Prius,2021,Preto,68761,55010,Vendido,2025-06-23,VEND10,Sedan
CAR0098,Chevrolet,Cruze,2024,Azul,77184,94393,Disponível,2025-07-17,VEND04,Sedan
CAR0099,Nissan,Rogue,2024,Vermelho,47422,25132,Vendido,2025-05-18,VEND01,Sedan
CAR0100,Nissan,Altima,2021,Branco,30909,26355,Disponível,2025-01-11,VEND04,Sedan
CAR0101,Toyota,RAV4,2022,Cinza,49527,35442,Vendido,2025-11-02,VEND05,SUV
CAR0102,Nissan,Altima,2022,Azul,46782,32267,Vendido,2025-10-15,VEND03,SUV
CAR0103,Toyota,RAV4,2023,Preto,35000,94464,Vendido,2025-08-29,VEND06,Hatchback
CAR0104,Volkswagen,Tiguan,2024,Branco,54585,67439,Disponível,2025-06-13,VEND09,Sedan
CAR0105,Hyundai,Tucson,2021,Cinza,37448,46271,Vendido,2025-11-20,VEND09,Sedan
CAR0106,Nissan,Sentra,2024,Azul,64933,55425,Vendido,2025-04-28,VEND09,Sedan
CAR0107,Nissan,Sentra,2020,Preto,30318,30300,Vendido,2025-11-05,VEND03,Hatchback
CAR0108,Ford,Focus,2022,Azul,49604,43983,Vendido,2025-01-22,VEND03,Pickup
CAR0109,Chevrolet,Malibu,2023,Prata,55689,26363,Disponível,2025-04-09,VEND03,Hatchback
CAR0110,Hyundai,Santa Fe,2024,Vermelho,76504,85146,Vendido,2025-08-24,VEND06,Sedan
CAR0111,Nissan,Sentra,2022,Preto,59220,53660,Disponível,2025-11-18,VEND07,Hatchback
CAR0112,Toyota,Prius,2020,Cinza,65411,1401,Disponível,2025-09-11,VEND02,Sedan
CAR0113,Honda,CR-V,2023,Azul,51446,41836,Vendido,2025-06-09,VEND04,Hatchback
CAR0114,Honda,CR-V,2020,Cinza,69675,87239,Disponível,2025-06-26,VEND08,Sedan
CAR0115,Nissan,Rogue,2022,Branco,46403,70244,Disponível,2025-01-21,VEND10,Hatchback
CAR0116,Nissan,Sentra,2021,Vermelho,60394,67665,Vendido,2025-11-22,VEND02,Pickup
CAR0117,Ford,Fusion,2024,Vermelho,54075,39037,Disponível,2025-01-16,VEND07,Hatchback
CAR0118,Chevrolet,Cruze,2023,Branco,41671,7824,Reservado,2025-01-26,VEND02,Hatchback
CAR0119,Hyundai,Sonata,2021,Cinza,65382,44446,Vendido,2025-09-23,VEND02,Sedan
CAR0120,Ford,Fusion,2020,Cinza,32374,13374,Disponível,2025-07-20,VEND01,Sedan
CAR0121,Honda,Civic,2021,Prata,57920,7299,Vendido,2025-08-07,VEND07,Sedan
CAR0122,Chevrolet,Cruze,2024,Branco,72498,90972,Disponível,2025-06-17,VEND02,Pickup
CAR0123,Volkswagen,Jetta,2024,Prata,32047,3414,Disponível,2025-10-21,VEND01,SUV
CAR0124,Nissan,Altima,2022,Prata,78661,16931,Disponível,2025-04-09,VEND01,Hatchback
CAR0125,Ford,F-150,2021,Branco,66641,43510,Disponível,2025-11-05,VEND06,SUV
CAR0126,Nissan,Altima,2022,Vermelho,67540,8287,Vendido,2025-01-04,VEND03,Sedan
CAR0127,Hyundai,Tucson,2021,Preto,67038,57984,Disponível,2024-12-13,VEND09,Hatchback
CAR0128,Volkswagen,Tiguan,2023,Azul,40456,31464,Reservado,2025-09-24,VEND04,Pickup
CAR0129,Volkswagen,Jetta,2020,Vermelho,76934,91720,Disponível,2025-07-01,VEND07,Sedan
CAR0130,Hyundai,Tucson,2022,Branco,40071,39235,Disponível,2025-03-17,VEND05,Pickup
CAR0131,Chevrolet,Cruze,2022,Cinza,47773,68391,Vendido,2025-11-17,VEND07,Sedan
CAR0132,Volkswagen,Atlas,2022,Azul,67669,8078,Vendido,2025-07-10,VEND06,Pickup
CAR0133,Volkswagen,Atlas,2024,Cinza,52130,99717,Vendido,2025-04-01,VEND10,SUV
CAR0134,Volkswagen,Atlas,2021,Preto,78876,89734,Disponível,2025-06-05,VEND09,Pickup
CAR0135,Chevrolet,Equinox,2023,Cinza,35613,26556,Vendido,2025-08-28,VEND10,Hatchback
CAR0136,Nissan,Rogue,2023,Preto,59608,82600,Disponível,2024-12-23,VEND10,Hatchback
CAR0137,Toyota,Prius,2021,Prata,28705,86617,Vendido,2025-03-06,VEND03,Pickup
CAR0138,Chevrolet,Cruze,2022,Azul,54778,5290,Disponível,2025-10-03,VEND03,Pickup
CAR0139,Ford,Escape,2022,Prata,33242,88997,Vendido,2025-10-05,VEND05,Sedan
CAR0140,Nissan,Rogue,2022,Branco,42191,5961,Disponível,2025-08-23,VEND09,Hatchback
CAR0141,Ford,F-150,2023,Branco,43446,64781,Disponível,2025-08-10,VEND03,SUV
CAR0142,Chevrolet,Silverado,2020,Cinza,35499,90369,Reservado,2025-11-21,VEND08,Sedan
CAR0143,Hyundai,Sonata,2020,Cinza,65382,27298,Reservado,2025-03-13,VEND05,Sedan
CAR0144,Honda,Civic,2024,Vermelho,53804,7552,Disponível,2025-04-22,VEND05,Pickup
CAR0145,Toyota,Prius,2020,Vermelho,43159,94853,Disponível,2025-01-05,VEND04,Pickup
CAR0146,Hyundai,Santa Fe,2022,Prata,58257,92455,Vendido,2025-01-31,VEND03,Sedan
CAR0147,Ford,Fusion,2021,Prata,28859,18048,Vendido,2025-11-02,VEND09,Sedan
CAR0148,Nissan,Pathfinder,2020,Branco,66963,66188,Disponível,2025-06-05,VEND06,Hatchback
CAR0149,Ford,Focus,2021,Cinza,58975,80750,Disponível,2025-04-22,VEND06,Pickup
CAR0150,Volkswagen,Tiguan,2022,Azul,69394,16679,Reservado,2025-02-27,VEND10,Hatchback
CAR0151,Toyota,Prius,2020,Prata,50038,76950,Disponível,2025-08-16,VEND09,Sedan
CAR0152,Toyota,Camry,2021,Cinza,53710,36201,Vendido,2025-09-13,VEND09,Pickup
CAR0153,Ford,Escape,2023,Prata,67486,63246,Disponível,2025-11-27,VEND10,SUV
CAR0154,Honda,Civic,2022,Preto,55221,48933,Vendido,2025-10-13,VEND04,Hatchback
CAR0155,Ford,Focus,2022,Cinza,47242,92698,Disponível,2025-04-23,VEND08,Sedan
CAR0156,Toyota,Camry,2022,Prata,35728,10277,Disponível,2025-06-26,VEND08,Hatchback
CAR0157,Nissan,Rogue,2020,Preto,73684,68002,Disponível,2025-05-20,VEND10,Sedan
CAR0158,Chevrolet,Equinox,2023,Preto,63583,74369,Disponível,2025-03-04,VEND02,Pickup
CAR0159,Hyundai,Santa Fe,2023,Vermelho,26092,52177,Disponível,2025-10-10,VEND10,Sedan
CAR0160,Toyota,Prius,2022,Preto,66350,1874,Disponível,2025-04-30,VEND02,Sedan
CAR0161,Ford,Fusion,2022,Branco,34401,54056,Disponível,2025-05-23,VEND02,Hatchback
CAR0162,Chevrolet,Silverado,2021,Prata,31391,7951,Vendido,2025-08-18,VEND04,Pickup
CAR0163,Volkswagen,Jetta,2023,Prata,30785,13997,Disponível,2025-05-19,VEND02,SUV
CAR0164,Volkswagen,Tiguan,2020,Prata,49544,64672,Disponível,2025-12-01,VEND04,Pickup
CAR0165,Nissan,Altima,2024,Vermelho,31662,58414,Disponível,2025-03-15,VEND10,SUV
CAR0166,Volkswagen,Tiguan,2023,Azul,44977,65216,Disponível,2025-07-16,VEND05,Sedan
CAR0167,Volkswagen,Tiguan,2022,Preto,78355,79559,Disponível,2025-04-30,VEND02,Pickup
CAR0168,Ford,Escape,2020,Cinza,68170,6143,Vendido,2025-02-03,VEND08,Sedan
CAR0169,Ford,F-150,2023,Vermelho,61755,92962,Vendido,2025-05-10,VEND09,Hatchback
CAR0170,Chevrolet,Silverado,2021,Azul,36965,97264,Disponível,2025-10-15,VEND07,Pickup
CAR0171,Volkswagen,Jetta,2022,Preto,64988,51568,Disponível,2025-05-05,VEND04,Hatchback
CAR0172,Volkswagen,Passat,2023,Vermelho,48765,23244,Disponível,2025-03-17,VEND02,SUV
CAR0173,Chevrolet,Equinox,2023,Vermelho,33645,89888,Disponível,2025-10-19,VEND03,Sedan
CAR0174,Nissan,Pathfinder,2021,Cinza,29057,5787,Disponível,2025-04-11,VEND08,Sedan
CAR0175,Toyota,Camry,2020,Preto,68929,70958,Disponível,2025-03-29,VEND06,Pickup
CAR0176,Volkswagen,Tiguan,2021,Cinza,25402,50107,Disponível,2025-03-26,VEND06,SUV
CAR0177,Volkswagen,Atlas,2021,Preto,53885,28290,Vendido,2025-03-28,VEND03,Sedan
CAR0178,Chevrolet,Silverado,2024,Cinza,51404,15645,Vendido,2025-04-30,VEND10,Pickup
CAR0179,Chevrolet,Malibu,2020,Branco,63039,69782,Disponível,2025-11-20,VEND03,Sedan
CAR0180,Hyundai,Santa Fe,2023,Vermelho,29189,82530,Vendido,2025-07-08,VEND06,SUV
CAR0181,Volkswagen,Jetta,2023,Branco,78809,59273,Disponível,2025-05-14,VEND03,Pickup
CAR0182,Nissan,Sentra,2023,Preto,51445,85766,Disponível,2025-05-25,VEND01,Hatchback
CAR0183,Nissan,Sentra,2022,Preto,43112,30860,Disponível,2025-09-18,VEND08,Hatchback
CAR0184,Hyundai,Tucson,2020,Prata,70581,68205,Disponível,2025-04-13,VEND02,SUV
CAR0185,Volkswagen,Passat,2022,Cinza,47682,61402,Vendido,2025-03-20,VEND10,Pickup
CAR0186,Volkswagen,Atlas,2021,Branco,41985,75303,Vendido,2025-01-26,VEND01,Hatchback
CAR0187,Toyota,Corolla,2023,Preto,50580,79321,Disponível,2025-04-15,VEND06,Pickup
CAR0188,Chevrolet,Equinox,2024,Azul,51068,30545,Disponível,2025-11-09,VEND07,Pickup
CAR0189,Hyundai,Sonata,2022,Vermelho,27655,37428,Disponível,2025-10-21,VEND03,Hatchback
CAR0190,Ford,Escape,2023,Branco,53431,97591,Disponível,2025-08-19,VEND02,Pickup
CAR0191,Nissan,Altima,2021,Azul,61021,60995,Disponível,2025-09-17,VEND08,SUV
CAR0192,Toyota,Prius,2020,Prata,78196,46416,Vendido,2025-02-10,VEND08,Pickup
CAR0193,Volkswagen,Jetta,2020,Azul,58523,11897,Disponível,2025-05-15,VEND07,Sedan
CAR0194,Toyota,RAV4,2023,Prata,45097,64614,Vendido,2025-09-21,VEND07,Hatchback
CAR0195,Honda,Accord,2023,Vermelho,55799,17757,Disponível,2025-01-04,VEND08,Pickup
CAR0196,Hyundai,Sonata,2024,Prata,65898,72928,Disponível,2025-08-15,VEND10,SUV
CAR0197,Volkswagen,Jetta,2024,Vermelho,40368,91042,Vendido,2025-04-29,VEND10,Hatchback
CAR0198,Ford,Fusion,2021,Cinza,75443,59738,Disponível,2025-07-21,VEND08,Sedan
CAR0199,Chevrolet,Silverado,2023,Vermelho,35266,90032,Vendido,2025-04-15,VEND03,SUV
CAR0200,Volkswagen,Tiguan,2022,Cinza,54325,57301,Disponível,2024-12-29,VEND05,Pickup
CAR0201,Honda,Civic,2024,Cinza,59178,14777,Vendido,2025-09-21,VEND06,SUV
CAR0202,Nissan,Altima,2023,Cinza,73605,6104,Disponível,2025-04-06,VEND03,Hatchback
CAR0203,Toyota,Prius,2024,Preto,60654,68626,Reservado,2025-12-01,VEND03,Pickup
CAR0204,Toyota,RAV4,2022,Prata,73968,82177,Reservado,2025-11-22,VEND06,SUV
CAR0205,Volkswagen,Tiguan,2021,Azul,65121,69309,Vendido,2025-02-12,VEND04,Pickup
CAR0206,Honda,Civic,2023,Azul,35867,20642,Reservado,2025-11-19,VEND08,SUV
CAR0207,Volkswagen,Passat,2021,Vermelho,73512,27310,Reservado,2025-04-27,VEND05,Hatchback
CAR0208,Toyota,Camry,2023,Azul,73666,66399,Disponível,2025-05-29,VEND09,Pickup
CAR0209,Nissan,Pathfinder,2021,Vermelho,46765,80943,Disponível,2025-04-01,VEND08,Sedan
CAR0210,Nissan,Altima,2020,Prata,44674,73118,Disponível,2025-04-28,VEND04,Hatchback
CAR0211,Toyota,Corolla,2022,Prata,45476,84049,Vendido,2025-08-30,VEND06,Pickup
CAR0212,Honda,Accord,2024,Preto,75170,87040,Disponível,2024-12-13,VEND06,Pickup
CAR0213,Toyota,RAV4,2021,Prata,37290,67647,Disponível,2025-08-25,VEND09,Hatchback
CAR0214,Nissan,Pathfinder,2023,Cinza,64824,33235,Disponível,2025-01-21,VEND05,SUV
CAR0215,Nissan,Pathfinder,2020,Azul,33504,3176,Disponível,2025-06-06,VEND08,Hatchback
CAR0216,Volkswagen,Atlas,2023,Azul,56434,49571,Vendido,2024-12-07,VEND01,SUV
CAR0217,Chevrolet,Cruze,2020,Branco,28372,31752,Disponível,2025-10-19,VEND09,Hatchback
CAR0218,Volkswagen,Passat,2024,Preto,51277,37358,Disponível,2025-01-08,VEND04,SUV
CAR0219,Ford,Escape,2021,Prata,32547,33055,Disponível,2025-06-25,VEND09,SUV
CAR0220,Hyundai,Sonata,2024,Azul,62080,6187,Reservado,2025-09-19,VEND02,Pickup
CAR0221,Chevrolet,Equinox,2020,Prata,59849,26012,Disponível,2025-03-15,VEND08,Hatchback
CAR0222,Honda,Pilot,2022,Preto,27103,72052,Disponível,2025-01-23,VEND09,SUV
CAR0223,Hyundai,Elantra,2023,Branco,26638,51891,Disponível,2025-01-24,VEND05,Sedan
CAR0224,Chevrolet,Equinox,2021,Preto,61494,47483,Disponível,2025-02-20,VEND07,Sedan
CAR0225,Ford,Escape,2022,Azul,27757,25124,Disponível,2025-01-19,VEND04,Hatchback
CAR0226,Volkswagen,Passat,2024,Preto,70940,32030,Disponível,2025-06-28,VEND08,SUV
CAR0227,Honda,Pilot,2023,Preto,61587,39987,Disponível,2025-06-19,VEND07,Sedan
CAR0228,Hyundai,Santa Fe,2021,Branco,64169,35192,Disponível,2025-06-13,VEND02,SUV
CAR0229,Honda,CR-V,2021,Prata,67653,71541,Disponível,2025-08-05,VEND04,SUV
CAR0230,Hyundai,Elantra,2020,Prata,60448,66689,Vendido,2025-03-19,VEND01,Pickup
CAR0231,Chevrolet,Equinox,2022,Branco,45046,16936,Vendido,2025-06-01,VEND10,Pickup
CAR0232,Nissan,Rogue,2022,Branco,57048,5537,Disponível,2025-02-14,VEND08,Sedan
CAR0233,Ford,F-150,2021,Prata,58194,54678,Vendido,2025-03-14,VEND05,Hatchback
CAR0234,Volkswagen,Passat,2022,Azul,49686,13694,Vendido,2025-04-16,VEND08,SUV
CAR0235,Hyundai,Tucson,2022,Prata,62554,49552,Disponível,2025-10-09,VEND01,Sedan
CAR0236,Honda,CR-V,2024,Branco,46476,36567,Disponível,2025-03-12,VEND08,Sedan
CAR0237,Ford,F-150,2022,Cinza,54073,61050,Vendido,2025-07-29,VEND02,Hatchback
CAR0238,Honda,CR-V,2022,Cinza,75657,42170,Vendido,2025-09-23,VEND05,Pickup
CAR0239,Ford,Escape,2021,Branco,62765,25326,Vendido,2025-02-06,VEND04,Hatchback
CAR0240,Hyundai,Sonata,2022,Prata,46231,44212,Reservado,2025-10-24,VEND01,SUV
CAR0241,Volkswagen,Jetta,2022,Preto,38742,95789,Disponível,2025-11-27,VEND08,Pickup
CAR0242,Honda,Pilot,2024,Preto,45615,76877,Disponível,2025-07-07,VEND04,Hatchback
CAR0243,Chevrolet,Malibu,2024,Prata,35287,8491,Vendido,2025-11-09,VEND06,Pickup
CAR0244,Hyundai,Tucson,2024,Branco,26135,83229,Vendido,2025-07-17,VEND09,Pickup
CAR0245,Volkswagen,Jetta,2022,Vermelho,75600,48636,Vendido,2025-09-01,VEND02,Sedan
CAR0246,Chevrolet,Equinox,2023,Prata,28468,61835,Disponível,2025-01-16,VEND06,Hatchback
CAR0247,Honda,Accord,2022,Vermelho,67825,49536,Vendido,2025-04-09,VEND04,Hatchback
CAR0248,Volkswagen,Atlas,2020,Vermelho,64237,62571,Disponível,2025-08-23,VEND09,Hatchback
CAR0249,Nissan,Pathfinder,2023,Branco,66724,87274,Disponível,2025-06-04,VEND04,Pickup
CAR0250,Hyundai,Tucson,2022,Vermelho,74043,50611,Disponível,2025-07-19,VEND10,Sedan
CAR0251,Nissan,Rogue,2022,Azul,72558,2015,Reservado,2025-12-01,VEND09,Pickup
CAR0252,Nissan,Sentra,2024,Preto,29638,21508,Disponível,2025-01-05,VEND05,SUV
CAR0253,Ford,F-150,2024,Azul,71364,98323,Vendido,2025-08-16,VEND06,Pickup
CAR0254,Ford,F-150,2021,Prata,40469,34706,Disponível,2025-06-19,VEND06,Sedan
CAR0255,Hyundai,Santa Fe,2020,Preto,29703,18091,Disponível,2025-05-02,VEND05,Pickup
CAR0256,Ford,F-150,2021,Azul,53594,76791,Disponível,2025-01-12,VEND06,Pickup
CAR0257,Chevrolet,Cruze,2024,Prata,30337,52511,Disponível,2025-07-27,VEND05,Sedan
CAR0258,Hyundai,Sonata,2023,Prata,35213,99787,Vendido,2025-11-09,VEND01,Sedan
CAR0259,Volkswagen,Atlas,2023,Prata,25560,48866,Disponível,2025-03-04,VEND09,Hatchback
CAR0260,Nissan,Pathfinder,2021,Cinza,62181,71147,Vendido,2025-05-19,VEND03,Pickup
CAR0261,Toyota,Prius,2024,Branco,56275,3952,Vendido,2025-01-10,VEND09,Hatchback
CAR0262,Chevrolet,Cruze,2020,Branco,55952,68409,Disponível,2025-03-24,VEND02,Hatchback
CAR0263,Honda,Pilot,2021,Vermelho,78948,90941,Disponível,2025-03-12,VEND04,Sedan
CAR0264,Toyota,Prius,2023,Azul,26778,53716,Disponível,2024-12-15,VEND07,Sedan
CAR0265,Hyundai,Elantra,2023,Prata,35008,71773,Vendido,2025-07-17,VEND02,Hatchback
CAR0266,Hyundai,Elantra,2024,Cinza,78949,98809,Disponível,2025-02-03,VEND01,Sedan
CAR0267,Ford,Focus,2021,Cinza,74212,40029,Vendido,2025-02-10,VEND08,Hatchback
CAR0268,Ford,Focus,2024,Branco,42196,69551,Disponível,2025-09-02,VEND01,Hatchback
CAR0269,Chevrolet,Malibu,2023,Prata,72517,28905,Disponível,2025-08-19,VEND07,Sedan
CAR0270,Chevrolet,Malibu,2022,Cinza,47438,17337,Disponível,2025-03-15,VEND06,Pickup
CAR0271,Honda,CR-V,2020,Cinza,33201,31926,Disponível,2025-05-21,VEND01,Pickup
CAR0272,Volkswagen,Passat,2022,Prata,25809,96944,Vendido,2025-06-28,VEND08,Pickup
CAR0273,Honda,Civic,2024,Preto,25725,94339,Disponível,2025-08-04,VEND03,SUV
CAR0274,Toyota,RAV4,2024,Preto,54015,61949,Vendido,2025-05-11,VEND10,Sedan
CAR0275,Nissan,Pathfinder,2022,Preto,71331,14335,Disponível,2025-07-18,VEND02,Sedan
CAR0276,Chevrolet,Equinox,2024,Prata,74150,78026,Disponível,2025-05-29,VEND02,Pickup
CAR0277,Chevrolet,Equinox,2023,Prata,46308,14113,Vendido,2024-12-18,VEND08,Pickup
CAR0278,Hyundai,Santa Fe,2023,Branco,40706,86297,Reservado,2025-07-03,VEND03,Sedan
CAR0279,Volkswagen,Passat,2024,Prata,59456,91166,Vendido,2025-10-24,VEND02,SUV
CAR0280,Volkswagen,Tiguan,2023,Azul,53491,12844,Vendido,2025-04-20,VEND01,Hatchback
CAR0281,Ford,Focus,2020,Preto,29099,57772,Reservado,2025-11-06,VEND01,SUV
CAR0282,Volkswagen,Jetta,2023,Cinza,33272,73399,Disponível,2025-08-24,VEND09,SUV
CAR0283,Nissan,Rogue,2023,Vermelho,33040,58254,Disponível,2025-10-18,VEND08,Hatchback
CAR0284,Nissan,Sentra,2022,Vermelho,65860,11628,Vendido,2025-01-16,VEND04,Pickup
CAR0285,Hyundai,Tucson,2021,Preto,27327,20235,Vendido,2025-04-02,VEND08,Sedan
CAR0286,Hyundai,Sonata,2020,Vermelho,41839,75699,Disponível,2025-04-13,VEND10,Sedan
CAR0287,Honda,Pilot,2023,Azul,60785,50893,Vendido,2025-03-07,VEND04,Pickup
CAR0288,Hyundai,Tucson,2020,Azul,40988,73032,Disponível,2025-05-24,VEND08,SUV
CAR0289,Honda,Accord,2022,Vermelho,29465,40970,Disponível,2025-07-20,VEND02,Hatchback
CAR0290,Honda,Civic,2020,Preto,61449,80661,Vendido,2025-09-29,VEND10,Sedan
CAR0291,Chevrolet,Malibu,2024,Branco,54419,4241,Disponível,2025-01-18,VEND10,Hatchback
CAR0292,Hyundai,Santa Fe,2022,Vermelho,40112,73419,Vendido,2024-12-20,VEND08,SUV
CAR0293,Nissan,Sentra,2022,Preto,46179,11949,Disponível,2025-11-27,VEND09,Pickup
CAR0294,Hyundai,Tucson,2020,Cinza,32218,98236,Disponível,2025-06-08,VEND06,Sedan
CAR0295,Nissan,Sentra,2020,Azul,34539,25473,Disponível,2025-03-15,VEND07,Hatchback
CAR0296,Ford,Fusion,2021,Branco,46676,48971,Disponível,2025-05-27,VEND02,SUV
CAR0297,Ford,F-150,2022,Prata,49872,38830,Disponível,2025-09-24,VEND04,Hatchback
CAR0298,Ford,F-150,2024,Cinza,48956,75235,Disponível,2025-01-07,VEND10,Sedan
CAR0299,Toyota,Corolla,2021,Branco,36820,78473,Disponível,2025-05-25,VEND04,Hatchback
CAR0300,Volkswagen,Atlas,2021,Vermelho,45152,96401,Disponível,2025-11-06,VEND07,Hatchback
CAR0301,Volkswagen,Tiguan,2021,Cinza,41199,30735,Vendido,2025-01-07,VEND05,Hatchback
CAR0302,Hyundai,Elantra,2024,Preto,55134,41860,Disponível,2025-10-20,VEND05,Hatchback
CAR0303,Chevrolet,Equinox,2023,Azul,44245,14018,Disponível,2025-05-21,VEND07,Pickup
CAR0304,Hyundai,Elantra,2020,Cinza,26587,16902,Disponível,2025-11-19,VEND01,Pickup
CAR0305,Honda,Pilot,2023,Cinza,47220,7006,Vendido,2025-10-30,VEND08,Hatchback
CAR0306,Ford,Escape,2024,Azul,48343,89535,Reservado,2025-09-12,VEND10,Hatchback
CAR0307,Chevrolet,Silverado,2024,Cinza,66875,19395,Vendido,2025-01-18,VEND02,Sedan
CAR0308,Honda,CR-V,2021,Branco,27440,62276,Disponível,2025-04-25,VEND05,Hatchback
CAR0309,Toyota,Prius,2023,Preto,36778,48135,Disponível,2025-02-17,VEND10,Pickup
CAR0310,Chevrolet,Cruze,2023,Vermelho,69489,39509,Disponível,2025-10-23,VEND01,SUV
CAR0311,Honda,Civic,2024,Vermelho,78356,92886,Disponível,2025-03-11,VEND08,Sedan
CAR0312,Honda,Civic,2022,Vermelho,66736,59959,Disponível,2025-05-15,VEND01,SUV
CAR0313,Volkswagen,Passat,2021,Cinza,74094,39531,Vendido,2025-05-12,VEND01,Hatchback
CAR0314,Volkswagen,Passat,2021,Preto,30634,58854,Vendido,2025-10-05,VEND07,Hatchback
CAR0315,Ford,Escape,2023,Branco,72448,26595,Disponível,2025-08-10,VEND08,Hatchback
CAR0316,Ford,Escape,2020,Branco,69887,48285,Vendido,2025-05-08,VEND05,Hatchback
CAR0317,Hyundai,Sonata,2020,Preto,56772,89986,Disponível,2025-04-03,VEND09,Sedan
CAR0318,Hyundai,Santa Fe,2022,Azul,61443,67059,Disponível,2025-07-16,VEND01,Hatchback
CAR0319,Hyundai,Santa Fe,2024,Branco,67424,16972,Vendido,2025-05-07,VEND10,Pickup
CAR0320,Chevrolet,Silverado,2023,Preto,27484,59621,Vendido,2025-04-07,VEND06,Pickup
CAR0321,Nissan,Altima,2020,Preto,67457,48536,Disponível,2025-07-27,VEND03,Hatchback
CAR0322,Nissan,Sentra,2021,Prata,68927,10106,Vendido,2024-12-10,VEND04,Pickup
CAR0323,Hyundai,Elantra,2023,Cinza,42771,10425,Disponível,2025-05-06,VEND08,SUV
CAR0324,Honda,CR-V,2024,Cinza,42063,7150,Disponível,2025-11-12,VEND01,Pickup
CAR0325,Hyundai,Elantra,2024,Preto,40751,49654,Disponível,2025-01-18,VEND05,Sedan
CAR0326,Chevrolet,Equinox,2023,Azul,40387,8976,Vendido,2025-07-06,VEND03,SUV
CAR0327,Toyota,Corolla,2021,Branco,54111,77934,Vendido,2025-07-10,VEND06,SUV
CAR0328,Hyundai,Sonata,2022,Cinza,48141,16162,Vendido,2025-10-16,VEND06,Sedan
CAR0329,Chevrolet,Silverado,2023,Vermelho,28412,70212,Vendido,2025-11-02,VEND10,Hatchback
CAR0330,Honda,CR-V,2020,Prata,71927,64929,Disponível,2025-05-06,VEND05,Pickup
CAR0331,Volkswagen,Jetta,2022,Preto,66975,50256,Disponível,2025-05-07,VEND07,Sedan
CAR0332,Honda,Civic,2020,Branco,60783,81703,Disponível,2025-06-09,VEND06,SUV
CAR0333,Hyundai,Sonata,2020,Prata,48708,8251,Disponível,2025-07-11,VEND10,SUV
CAR0334,Honda,Pilot,2022,Preto,35445,31095,Disponível,2025-07-25,VEND03,Sedan
CAR0335,Toyota,Prius,2024,Vermelho,51337,91693,Disponível,2025-01-24,VEND06,Pickup
CAR0336,Toyota,Camry,2020,Azul,33082,49996,Disponível,2024-12-09,VEND01,Sedan
CAR0337,Toyota,Prius,2020,Cinza,66247,42981,Disponível,2025-01-06,VEND02,Sedan
CAR0338,Honda,Pilot,2024,Azul,47479,51019,Disponível,2025-08-31,VEND02,Pickup
CAR0339,Ford,Fusion,2023,Branco,77402,74352,Disponível,2025-02-15,VEND02,SUV
CAR0340,Chevrolet,Silverado,2023,Cinza,37423,96953,Reservado,2025-09-03,VEND06,Sedan
CAR0341,Honda,Pilot,2020,Cinza,79479,79669,Disponível,2024-12-23,VEND09,SUV
CAR0342,Honda,CR-V,2023,Preto,43335,12403,Disponível,2025-06-07,VEND09,Pickup
CAR0343,Honda,CR-V,2022,Azul,55731,6731,Disponível,2025-06-13,VEND07,Hatchback
CAR0344,Ford,Escape,2024,Vermelho,32284,17531,Disponível,2025-10-04,VEND05,SUV
CAR0345,Volkswagen,Tiguan,2024,Preto,61260,76276,Disponível,2025-06-07,VEND02,SUV
CAR0346,Hyundai,Sonata,2023,Azul,65871,29089,Disponível,2025-01-22,VEND08,SUV
CAR0347,Hyundai,Sonata,2021,Azul,69377,4442,Disponível,2025-05-25,VEND09,Sedan
CAR0348,Toyota,Camry,2020,Prata,26403,34732,Disponível,2025-08-07,VEND06,Sedan
CAR0349,Chevrolet,Equinox,2023,Branco,25363,77643,Disponível,2025-01-27,VEND03,Sedan
CAR0350,Ford,Escape,2022,Azul,79946,87590,Disponível,2025-09-15,VEND07,Hatchback
CAR0351,Chevrolet,Equinox,2023,Vermelho,73892,36918,Disponível,2025-02-28,VEND02,Hatchback
CAR0352,Nissan,Sentra,2023,Cinza,58257,42225,Disponível,2025-05-24,VEND06,SUV
CAR0353,Ford,F-150,2021,Preto,58480,68295,Disponível,2025-11-24,VEND03,Hatchback
CAR0354,Volkswagen,Jetta,2020,Preto,27526,33533,Disponível,2025-02-23,VEND04,Hatchback
CAR0355,Hyundai,Sonata,2021,Cinza,66125,61981,Vendido,2025-10-11,VEND02,Sedan
CAR0356,Volkswagen,Atlas,2023,Azul,49676,30559,Vendido,2025-05-13,VEND10,Pickup
CAR0357,Honda,Accord,2022,Vermelho,31786,13128,Disponível,2024-12-12,VEND09,Pickup
CAR0358,Chevrolet,Malibu,2024,Vermelho,58423,67841,Disponível,2025-03-19,VEND02,Pickup
CAR0359,Volkswagen,Atlas,2021,Vermelho,67689,16949,Disponível,2025-01-28,VEND09,Sedan
CAR0360,Hyundai,Tucson,2024,Branco,52402,67585,Disponível,2024-12-19,VEND09,SUV
CAR0361,Chevrolet,Silverado,2020,Cinza,60086,17582,Disponível,2024-12-22,VEND07,Pickup
CAR0362,Chevrolet,Equinox,2021,Vermelho,40961,27738,Disponível,2025-08-10,VEND08,Pickup
CAR0363,Ford,Escape,2024,Prata,32351,87929,Reservado,2025-08-03,VEND05,SUV
CAR0364,Hyundai,Sonata,2020,Branco,34569,82550,Disponível,2025-01-01,VEND08,SUV
CAR0365,Hyundai,Tucson,2024,Vermelho,72435,95774,Vendido,2025-09-15,VEND09,Pickup
CAR0366,Nissan,Rogue,2020,Vermelho,34209,63251,Vendido,2025-02-16,VEND05,Hatchback
CAR0367,Hyundai,Tucson,2021,Azul,50113,64140,Vendido,2025-04-15,VEND02,SUV
CAR0368,Honda,Accord,2023,Prata,55628,37787,Disponível,2025-09-09,VEND07,SUV
CAR0369,Nissan,Altima,2023,Vermelho,61814,38508,Disponível,2025-07-01,VEND06,Hatchback
CAR0370,Hyundai,Santa Fe,2024,Prata,54714,8039,Vendido,2025-01-28,VEND07,Pickup
CAR0371,Nissan,Altima,2020,Azul,71282,77093,Disponível,2025-02-06,VEND01,Hatchback
CAR0372,Chevrolet,Cruze,2022,Preto,61704,12120,Disponível,2025-12-02,VEND07,SUV
CAR0373,Toyota,RAV4,2023,Prata,60147,43061,Reservado,2024-12-31,VEND07,Pickup
CAR0374,Hyundai,Santa Fe,2022,Preto,26941,84801,Disponível,2025-10-01,VEND03,Hatchback
CAR0375,Chevrolet,Malibu,2021,Branco,76308,21678,Disponível,2025-02-24,VEND10,Sedan
CAR0376,Toyota,Prius,2024,Branco,26058,26686,Vendido,2025-06-08,VEND05,SUV
CAR0377,Chevrolet,Cruze,2021,Cinza,53654,86562,Disponível,2024-12-14,VEND03,SUV
CAR0378,Honda,Pilot,2021,Azul,70040,80887,Disponível,2025-11-26,VEND01,Hatchback
CAR0379,Hyundai,Elantra,2024,Cinza,36704,87718,Disponível,2025-10-15,VEND02,Hatchback
CAR0380,Volkswagen,Tiguan,2020,Cinza,45065,61344,Vendido,2025-09-06,VEND03,Pickup
CAR0381,Volkswagen,Atlas,2024,Prata,41439,25628,Disponível,2024-12-10,VEND01,SUV
CAR0382,Nissan,Pathfinder,2020,Preto,70482,72906,Disponível,2025-08-04,VEND01,Hatchback
CAR0383,Ford,Fusion,2020,Preto,39289,66733,Vendido,2025-10-21,VEND04,Hatchback
CAR0384,Toyota,Prius,2021,Prata,52582,33861,Disponível,2025-04-15,VEND10,SUV
CAR0385,Volkswagen,Atlas,2022,Azul,46155,7036,Vendido,2025-02-23,VEND03,Sedan
CAR0386,Ford,F-150,2024,Cinza,35022,28720,Disponível,2025-05-18,VEND04,SUV
CAR0387,Nissan,Pathfinder,2022,Branco,69044,43983,Disponível,2025-06-30,VEND09,Hatchback
CAR0388,Chevrolet,Silverado,2020,Prata,55036,6216,Reservado,2025-11-27,VEND03,SUV
CAR0389,Honda,CR-V,2024,Branco,40201,77040,Disponível,2025-09-28,VEND05,SUV
CAR0390,Toyota,RAV4,2021,Preto,35549,16427,Reservado,2025-07-03,VEND04,Hatchback
CAR0391,Ford,Escape,2020,Branco,68999,55062,Disponível,2025-10-09,VEND01,Pickup
CAR0392,Nissan,Pathfinder,2023,Azul,51324,60761,Disponível,2025-02-03,VEND08,SUV
CAR0393,Nissan,Altima,2024,Branco,67094,40362,Disponível,2025-02-10,VEND07,Pickup
CAR0394,Toyota,Camry,2024,Preto,58639,29888,Disponível,2025-07-08,VEND01,Hatchback
CAR0395,Chevrolet,Equinox,2021,Cinza,72169,47121,Vendido,2025-06-07,VEND04,SUV
CAR0396,Volkswagen,Jetta,2020,Preto,27291,78096,Vendido,2025-09-03,VEND03,SUV
CAR0397,Honda,Pilot,2022,Cinza,66164,60824,Disponível,2025-10-07,VEND06,SUV
CAR0398,Nissan,Sentra,2022,Cinza,72337,4610,Disponível,2025-08-21,VEND09,Pickup
CAR0399,Nissan,Sentra,2022,Branco,77089,83178,Disponível,2025-03-26,VEND09,Sedan
CAR0400,Hyundai,Sonata,2024,Azul,52515,75063,Reservado,2025-11-29,VEND09,SUV
CAR0401,Chevrolet,Silverado,2022,Branco,56305,65041,Disponível,2025-03-27,VEND02,SUV
CAR0402,Hyundai,Sonata,2023,Vermelho,46144,40774,Disponível,2025-07-31,VEND06,Hatchback
CAR0403,Hyundai,Santa Fe,2024,Prata,66085,17881,Vendido,2024-12-08,VEND09,SUV
CAR0404,Ford,F-150,2022,Cinza,30174,51317,Vendido,2025-03-13,VEND05,Hatchback
CAR0405,Hyundai,Elantra,2024,Preto,51931,1849,Vendido,2025-10-05,VEND09,SUV
CAR0406,Hyundai,Elantra,2020,Prata,71962,20167,Disponível,2025-11-09,VEND06,SUV
CAR0407,Volkswagen,Passat,2023,Preto,75531,1509,Disponível,2025-06-14,VEND01,Sedan
CAR0408,Nissan,Sentra,2024,Vermelho,30713,22776,Vendido,2024-12-19,VEND05,SUV
CAR0409,Chevrolet,Cruze,2020,Branco,58165,43995,Vendido,2025-04-18,VEND07,SUV
CAR0410,Hyundai,Elantra,2024,Vermelho,45288,88305,Disponível,2025-10-28,VEND02,Sedan
CAR0411,Ford,Focus,2024,Branco,58784,85984,Vendido,2025-10-25,VEND08,Sedan
CAR0412,Volkswagen,Tiguan,2021,Cinza,31916,1297,Disponível,2025-10-02,VEND02,Hatchback
CAR0413,Volkswagen,Passat,2020,Branco,61528,87060,Reservado,2025-08-20,VEND09,SUV
CAR0414,Toyota,RAV4,2020,Preto,41498,90076,Disponível,2025-08-22,VEND04,Hatchback
CAR0415,Honda,Civic,2021,Azul,67540,95171,Disponível,2025-01-06,VEND08,Sedan
CAR0416,Hyundai,Santa Fe,2021,Branco,58161,14473,Disponível,2025-03-20,VEND10,Sedan
CAR0417,Nissan,Altima,2022,Prata,27201,15706,Disponível,2025-04-18,VEND04,SUV
CAR0418,Volkswagen,Jetta,2021,Prata,72952,21280,Disponível,2025-07-06,VEND04,SUV
CAR0419,Ford,Fusion,2024,Azul,70842,77660,Disponível,2025-07-10,VEND02,Hatchback
CAR0420,Hyundai,Tucson,2020,Preto,41442,46064,Reservado,2025-09-20,VEND08,Hatchback
CAR0421,Ford,Focus,2020,Prata,40405,64579,Vendido,2025-04-25,VEND08,SUV
CAR0422,Nissan,Rogue,2024,Cinza,79221,37852,Disponível,2025-06-15,VEND04,Sedan
CAR0423,Toyota,Camry,2020,Branco,59071,32170,Disponível,2025-10-10,VEND04,Sedan
CAR0424,Honda,CR-V,2022,Azul,54310,80972,Disponível,2025-11-11,VEND08,SUV
CAR0425,Nissan,Pathfinder,2021,Branco,34107,6068,Disponível,2025-09-18,VEND05,Sedan
CAR0426,Toyota,Corolla,2022,Cinza,44907,41017,Vendido,2025-06-27,VEND04,SUV
CAR0427,Volkswagen,Passat,2020,Prata,54318,65621,Vendido,2025-04-07,VEND06,SUV
CAR0428,Nissan,Pathfinder,2020,Branco,28482,96953,Vendido,2025-09-07,VEND09,Sedan
CAR0429,Hyundai,Elantra,2023,Branco,55281,29458,Disponível,2025-06-03,VEND07,Sedan
CAR0430,Honda,Accord,2020,Preto,56732,29321,Disponível,2025-07-09,VEND05,Hatchback
CAR0431,Volkswagen,Atlas,2024,Preto,32464,93578,Reservado,2025-06-04,VEND05,SUV
CAR0432,Toyota,Camry,2021,Azul,57005,27271,Vendido,2025-06-04,VEND06,Pickup
CAR0433,Nissan,Sentra,2024,Branco,31384,54986,Vendido,2025-01-25,VEND08,Pickup
CAR0434,Hyundai,Tucson,2022,Preto,35756,11645,Vendido,2025-04-01,VEND08,Hatchback
CAR0435,Nissan,Pathfinder,2022,Prata,46661,20382,Disponível,2025-09-23,VEND07,Hatchback
CAR0436,Ford,F-150,2024,Preto,25480,43328,Disponível,2025-02-15,VEND04,Hatchback
CAR0437,Chevrolet,Malibu,2024,Cinza,38919,9346,Disponível,2025-02-27,VEND02,Pickup
CAR0438,Chevrolet,Equinox,2022,Vermelho,27323,84367,Disponível,2025-07-06,VEND07,Pickup
CAR0439,Chevrolet,Silverado,2021,Prata,27984,69769,Reservado,2025-05-30,VEND04,Hatchback
CAR0440,Honda,Pilot,2024,Cinza,68652,62718,Vendido,2025-02-09,VEND03,Hatchback
CAR0441,Nissan,Altima,2023,Cinza,64532,92398,Vendido,2025-09-22,VEND10,Pickup
CAR0442,Volkswagen,Tiguan,2021,Branco,54402,77543,Vendido,2025-07-05,VEND10,Sedan
CAR0443,Ford,F-150,2022,Vermelho,67741,34108,Vendido,2025-11-24,VEND03,Sedan
CAR0444,Honda,Civic,2020,Azul,35486,65446,Vendido,2025-07-30,VEND03,Hatchback
CAR0445,Hyundai,Santa Fe,2021,Prata,25437,85592,Disponível,2025-09-26,VEND10,SUV
CAR0446,Toyota,Camry,2021,Azul,46960,84516,Disponível,2025-09-16,VEND06,Sedan
CAR0447,Volkswagen,Jetta,2021,Preto,66128,2021,Disponível,2025-07-09,VEND10,SUV
CAR0448,Ford,F-150,2024,Preto,73162,52916,Reservado,2025-11-05,VEND04,Pickup
CAR0449,Toyota,Prius,2024,Branco,53923,48117,Disponível,2025-04-21,VEND09,Sedan
CAR0450,Ford,F-150,2022,Prata,29890,96102,Disponível,2025-08-21,VEND03,SUV
CAR0451,Chevrolet,Equinox,2021,Cinza,41923,58748,Disponível,2025-05-22,VEND10,Pickup
CAR0452,Ford,Fusion,2020,Branco,68667,50196,Disponível,2025-06-27,VEND10,Pickup
CAR0453,Ford,F-150,2023,Preto,35872,64464,Disponível,2025-05-26,VEND10,SUV
CAR0454,Ford,Fusion,2022,Cinza,50136,59606,Disponível,2025-05-18,VEND07,Hatchback
CAR0455,Hyundai,Sonata,2020,Vermelho,41296,29896,Disponível,2025-03-28,VEND05,Sedan
CAR0456,Honda,Accord,2020,Prata,75977,64891,Vendido,2025-02-26,VEND07,Pickup
CAR0457,Chevrolet,Silverado,2021,Cinza,48212,10733,Disponível,2025-03-29,VEND07,Sedan
CAR0458,Hyundai,Tucson,2021,Prata,37463,6943,Disponível,2025-05-27,VEND04,SUV
CAR0459,Nissan,Rogue,2023,Vermelho,58531,99183,Vendido,2024-12-20,VEND06,Hatchback
CAR0460,Chevrolet,Silverado,2022,Azul,47523,81151,Disponível,2025-02-27,VEND04,SUV
CAR0461,Honda,Pilot,2022,Azul,28934,99846,Disponível,2024-12-17,VEND01,Sedan
CAR0462,Volkswagen,Atlas,2022,Vermelho,52382,8689,Disponível,2025-06-06,VEND03,Pickup
CAR0463,Ford,Fusion,2023,Prata,74696,89991,Disponível,2025-03-19,VEND07,SUV
CAR0464,Chevrolet,Malibu,2024,Vermelho,43343,76507,Vendido,2025-04-14,VEND10,Pickup
CAR0465,Chevrolet,Malibu,2023,Cinza,41168,27567,Vendido,2025-04-26,VEND10,Hatchback
CAR0466,Chevrolet,Equinox,2024,Vermelho,76128,36027,Reservado,2025-10-29,VEND09,Pickup
CAR0467,Toyota,Prius,2023,Branco,58216,39249,Disponível,2025-01-07,VEND10,Sedan
CAR0468,Nissan,Rogue,2020,Prata,63972,9621,Vendido,2025-01-06,VEND07,Sedan
CAR0469,Hyundai,Sonata,2020,Cinza,34264,23460,Disponível,2025-06-20,VEND08,SUV
CAR0470,Nissan,Rogue,2022,Azul,36793,53136,Vendido,2025-03-08,VEND09,SUV
CAR0471,Nissan,Pathfinder,2020,Cinza,32296,54012,Vendido,2025-08-23,VEND03,SUV
CAR0472,Ford,Focus,2020,Vermelho,44073,18565,Vendido,2025-01-08,VEND06,Hatchback
CAR0473,Hyundai,Elantra,2021,Preto,66584,83541,Vendido,2025-03-06,VEND07,Hatchback
CAR0474,Hyundai,Santa Fe,2023,Cinza,73224,18806,Disponível,2025-05-18,VEND10,Sedan
CAR0475,Volkswagen,Tiguan,2023,Azul,66924,10788,Reservado,2025-08-26,VEND06,Hatchback
CAR0476,Toyota,Corolla,2021,Azul,51934,3623,Disponível,2025-06-05,VEND01,Pickup
CAR0477,Honda,Accord,2023,Azul,50225,88434,Vendido,2025-07-23,VEND01,Hatchback
CAR0478,Ford,Escape,2022,Prata,30696,52144,Disponível,2025-08-09,VEND05,Pickup
CAR0479,Chevrolet,Silverado,2020,Branco,47297,74389,Disponível,2025-08-08,VEND07,SUV
CAR0480,Chevrolet,Malibu,2020,Azul,47288,45639,Disponível,2025-01-04,VEND03,Hatchback
CAR0481,Chevrolet,Equinox,2024,Branco,27697,6171,Vendido,2025-05-03,VEND05,SUV
CAR0482,Volkswagen,Passat,2022,Branco,42974,53803,Disponível,2025-03-30,VEND10,Sedan
CAR0483,Honda,Civic,2023,Prata,30759,92464,Vendido,2025-10-19,VEND06,Pickup
CAR0484,Hyundai,Sonata,2022,Preto,41368,89755,Reservado,2025-03-18,VEND02,Sedan
CAR0485,Chevrolet,Malibu,2024,Preto,76737,48515,Reservado,2025-08-13,VEND10,Hatchback
CAR0486,Honda,Civic,2023,Preto,78437,96089,Vendido,2025-09-23,VEND04,Pickup
CAR0487,Toyota,Prius,2023,Prata,43083,81374,Disponível,2025-01-29,VEND08,Sedan
CAR0488,Honda,Civic,2020,Vermelho,61631,83142,Disponível,2025-05-04,VEND05,SUV
CAR0489,Honda,Civic,2022,Preto,59420,16701,Disponível,2025-07-04,VEND02,Pickup
CAR0490,Hyundai,Tucson,2023,Vermelho,62223,58045,Vendido,2025-01-22,VEND02,Hatchback
CAR0491,Chevrolet,Equinox,2021,Branco,51655,21393,Vendido,2025-01-21,VEND03,SUV
CAR0492,Toyota,Corolla,2024,Prata,43028,1743,Disponível,2025-09-17,VEND09,SUV
CAR0493,Nissan,Altima,2020,Vermelho,56292,6385,Disponível,2024-12-22,VEND10,Sedan
CAR0494,Honda,Civic,2024,Branco,41249,17242,Disponível,2025-10-11,VEND08,Pickup
CAR0495,Honda,Civic,2020,Cinza,65056,41682,Disponível,2025-08-13,VEND03,Pickup
CAR0496,Ford,Focus,2021,Cinza,77883,80794,Disponível,2025-11-21,VEND08,Pickup
CAR0497,Nissan,Altima,2022,Vermelho,43260,29309,Vendido,2025-05-21,VEND09,Pickup
CAR0498,Honda,Pilot,2024,Preto,27917,23602,Disponível,2025-06-01,VEND05,Sedan
CAR0499,Nissan,Pathfinder,2023,Cinza,39131,71250,Disponível,2024-12-29,VEND08,Hatchback
CAR0500,Chevrolet,Equinox,2020,Preto,69154,80145,Disponível,2025-06-05,VEND04,Sedan
CAR0501,Chevrolet,Cruze,2023,Cinza,32627,47802,Disponível,2025-07-26,VEND04,SUV
CAR0502,Volkswagen,Atlas,2020,Vermelho,38424,98465,Vendido,2024-12-25,VEND03,Hatchback
CAR0503,Chevrolet,Equinox,2021,Preto,41383,67696,Disponível,2025-01-31,VEND04,SUV
CAR0504,Volkswagen,Tiguan,2022,Vermelho,34198,86500,Vendido,2025-03-17,VEND02,Pickup
CAR0505,Volkswagen,Jetta,2023,Prata,64755,48530,Disponível,2025-09-26,VEND06,Hatchback
CAR0506,Volkswagen,Atlas,2023,Preto,58551,80121,Vendido,2025-02-14,VEND04,Sedan
CAR0507,Honda,Civic,2022,Branco,35113,77163,Disponível,2025-09-14,VEND04,Pickup
CAR0508,Volkswagen,Tiguan,2024,Prata,69121,87661,Vendido,2025-06-21,VEND06,Hatchback
CAR0509,Honda,CR-V,2023,Cinza,68169,60081,Vendido,2025-05-01,VEND05,Hatchback
CAR0510,Hyundai,Elantra,2021,Branco,28746,37028,Disponível,2025-03-19,VEND10,Sedan
CAR0511,Toyota,RAV4,2023,Vermelho,41679,37667,Vendido,2025-10-04,VEND07,Pickup
CAR0512,Volkswagen,Atlas,2024,Azul,44854,17549,Disponível,2025-02-04,VEND01,Pickup
CAR0513,Nissan,Rogue,2020,Branco,69022,6575,Vendido,2025-01-04,VEND10,Sedan
CAR0514,Nissan,Sentra,2023,Preto,75126,56129,Disponível,2025-05-01,VEND06,SUV
CAR0515,Volkswagen,Jetta,2023,Vermelho,31430,76450,Disponível,2025-11-16,VEND05,SUV
CAR0516,Honda,Accord,2021,Preto,57146,55115,Disponível,2025-03-10,VEND02,Sedan
CAR0517,Toyota,Prius,2024,Vermelho,56490,55028,Disponível,2025-11-16,VEND09,SUV
CAR0518,Ford,Fusion,2021,Vermelho,48166,61508,Disponível,2025-03-16,VEND07,Pickup
CAR0519,Nissan,Altima,2021,Prata,27926,40269,Reservado,2025-05-06,VEND09,Sedan
CAR0520,Ford,Fusion,2021,Branco,52879,38120,Vendido,2025-03-03,VEND06,SUV
CAR0521,Ford,Fusion,2022,Azul,37659,51157,Disponível,2025-03-21,VEND01,Sedan
CAR0522,Chevrolet,Cruze,2024,Branco,44143,46348,Vendido,2025-04-21,VEND04,Pickup
CAR0523,Ford,Escape,2023,Cinza,63675,88940,Disponível,2025-03-14,VEND09,Pickup
CAR0524,Toyota,RAV4,2020,Preto,30691,17059,Disponível,2025-02-18,VEND01,Hatchback
CAR0525,Toyota,Camry,2021,Branco,49900,59640,Vendido,2025-11-28,VEND05,Sedan
CAR0526,Honda,CR-V,2020,Preto,43151,55560,Disponível,2025-08-20,VEND05,SUV
CAR0527,Chevrolet,Equinox,2022,Azul,51095,84493,Disponível,2025-04-17,VEND01,Sedan
CAR0528,Toyota,Prius,2021,Prata,74434,67689,Vendido,2025-06-30,VEND02,Pickup
CAR0529,Volkswagen,Tiguan,2024,Prata,37627,19790,Disponível,2025-04-23,VEND07,Pickup
CAR0530,Honda,Pilot,2020,Preto,54666,35484,Vendido,2025-03-12,VEND02,Sedan
CAR0531,Chevrolet,Equinox,2021,Azul,50051,14265,Disponível,2025-04-22,VEND09,Hatchback
CAR0532,Ford,Fusion,2022,Branco,71622,8648,Disponível,2025-11-04,VEND03,SUV
CAR0533,Volkswagen,Jetta,2024,Preto,65156,94438,Vendido,2025-08-23,VEND01,Hatchback
CAR0534,Nissan,Pathfinder,2022,Branco,74700,80574,Disponível,2024-12-16,VEND05,Sedan
CAR0535,Ford,Focus,2023,Azul,38465,3775,Disponível,2025-08-12,VEND10,SUV
CAR0536,Toyota,Corolla,2022,Vermelho,72953,30719,Disponível,2025-02-26,VEND01,Pickup
CAR0537,Toyota,RAV4,2021,Preto,43931,93201,Vendido,2025-05-10,VEND06,Pickup
CAR0538,Chevrolet,Equinox,2022,Preto,52536,35412,Disponível,2025-11-18,VEND08,SUV
CAR0539,Hyundai,Sonata,2022,Prata,38320,77047,Disponível,2025-08-31,VEND06,Hatchback
CAR0540,Honda,Civic,2022,Azul,39749,42860,Disponível,2025-10-21,VEND05,Sedan
CAR0541,Nissan,Rogue,2024,Preto,29616,85421,Vendido,2025-06-18,VEND08,Sedan
CAR0542,Hyundai,Santa Fe,2023,Prata,29776,32321,Vendido,2025-07-03,VEND10,Sedan
CAR0543,Honda,CR-V,2021,Preto,31041,44003,Reservado,2025-10-17,VEND07,Hatchback
CAR0544,Nissan,Altima,2021,Prata,75616,37209,Vendido,2025-09-18,VEND03,Sedan
CAR0545,Volkswagen,Atlas,2022,Preto,33325,48442,Vendido,2025-07-04,VEND02,SUV
CAR0546,Toyota,Camry,2022,Vermelho,30088,3318,Vendido,2025-08-15,VEND08,Hatchback
CAR0547,Hyundai,Tucson,2024,Cinza,74920,36938,Disponível,2025-03-18,VEND02,Pickup
CAR0548,Ford,F-150,2024,Branco,41076,16783,Reservado,2025-03-02,VEND07,Pickup
CAR0549,Honda,Pilot,2020,Azul,64717,25092,Disponível,2025-07-27,VEND06,Sedan
CAR0550,Ford,Fusion,2024,Cinza,47871,27114,Vendido,2025-09-21,VEND09,Hatchback
CAR0551,Hyundai,Tucson,2022,Vermelho,51392,78256,Disponível,2025-07-29,VEND01,SUV
CAR0552,Volkswagen,Atlas,2023,Preto,41968,82286,Disponível,2025-11-29,VEND10,Sedan
CAR0553,Chevrolet,Malibu,2023,Preto,56303,24375,Disponível,2025-03-15,VEND04,Sedan
CAR0554,Toyota,Prius,2022,Azul,52113,54911,Disponível,2025-05-22,VEND03,Pickup
CAR0555,Toyota,RAV4,2020,Preto,64003,83485,Disponível,2025-06-22,VEND01,Hatchback
CAR0556,Hyundai,Tucson,2020,Prata,31415,95851,Reservado,2025-01-30,VEND01,SUV
CAR0557,Ford,Focus,2024,Cinza,42081,16565,Disponível,2025-09-24,VEND09,Hatchback
CAR0558,Chevrolet,Equinox,2023,Azul,61323,77834,Reservado,2024-12-12,VEND02,SUV
CAR0559,Volkswagen,Jetta,2021,Prata,64501,48439,Disponível,2025-08-20,VEND07,Sedan
CAR0560,Volkswagen,Jetta,2023,Preto,26199,19019,Disponível,2024-12-28,VEND10,Pickup
CAR0561,Toyota,Corolla,2020,Vermelho,40062,76288,Vendido,2024-12-09,VEND03,Sedan
CAR0562,Toyota,Camry,2022,Vermelho,69457,58445,Disponível,2025-11-25,VEND05,Sedan
CAR0563,Hyundai,Tucson,2023,Azul,39378,26151,Vendido,2025-09-04,VEND06,Hatchback
CAR0564,Hyundai,Elantra,2024,Azul,74082,73133,Reservado,2025-10-02,VEND03,Hatchback
CAR0565,Honda,Accord,2021,Vermelho,66002,62106,Disponível,2025-04-03,VEND09,Pickup
CAR0566,Toyota,Corolla,2021,Azul,65700,2421,Reservado,2025-07-02,VEND10,SUV
CAR0567,Nissan,Sentra,2020,Preto,36892,23461,Vendido,2025-06-26,VEND02,Hatchback
CAR0568,Toyota,Camry,2022,Azul,79661,11168,Disponível,2025-09-30,VEND02,Pickup
CAR0569,Ford,Fusion,2021,Azul,49550,70117,Disponível,2025-05-10,VEND03,Hatchback
CAR0570,Volkswagen,Tiguan,2022,Azul,56115,99136,Reservado,2025-08-16,VEND01,Hatchback
CAR0571,Toyota,Corolla,2022,Vermelho,49077,53009,Vendido,2025-03-03,VEND05,Pickup
CAR0572,Hyundai,Sonata,2024,Azul,38859,19200,Disponível,2025-11-02,VEND06,Pickup
CAR0573,Ford,Fusion,2022,Branco,36871,8593,Disponível,2025-02-12,VEND09,Sedan
CAR0574,Toyota,Prius,2024,Preto,60034,69111,Reservado,2024-12-22,VEND08,SUV
CAR0575,Volkswagen,Tiguan,2020,Prata,33518,80722,Disponível,2025-05-18,VEND10,Sedan
CAR0576,Volkswagen,Tiguan,2023,Prata,74395,76026,Vendido,2025-08-29,VEND05,Pickup
CAR0577,Volkswagen,Atlas,2024,Cinza,57836,9160,Disponível,2025-06-30,VEND05,Pickup
CAR0578,Chevrolet,Silverado,2022,Azul,62909,47482,Disponível,2025-02-23,VEND10,Sedan
CAR0579,Ford,Fusion,2020,Azul,69579,31882,Vendido,2025-06-07,VEND02,Hatchback
CAR0580,Volkswagen,Tiguan,2020,Cinza,26009,36918,Disponível,2025-05-09,VEND10,Hatchback
CAR0581,Toyota,Prius,2020,Vermelho,55185,15368,Disponível,2025-11-01,VEND08,SUV
CAR0582,Volkswagen,Atlas,2022,Branco,46914,43966,Disponível,2024-12-05,VEND09,Pickup
CAR0583,Volkswagen,Jetta,2024,Azul,53845,24792,Disponível,2025-05-19,VEND10,Hatchback
CAR0584,Ford,Fusion,2020,Azul,26369,21359,Disponível,2025-09-14,VEND08,Sedan
CAR0585,Chevrolet,Cruze,2024,Cinza,63941,50137,Reservado,2025-08-27,VEND01,Sedan
CAR0586,Honda,Pilot,2022,Prata,74519,88572,Vendido,2025-01-17,VEND09,SUV
CAR0587,Ford,Focus,2024,Preto,54403,88977,Disponível,2025-03-02,VEND05,SUV
CAR0588,Nissan,Sentra,2022,Cinza,61120,25788,Disponível,2025-05-17,VEND09,Hatchback
CAR0589,Toyota,Corolla,2021,Vermelho,47934,17565,Disponível,2025-04-01,VEND07,SUV
CAR0590,Nissan,Sentra,2020,Cinza,46439,73039,Vendido,2025-02-01,VEND10,SUV
CAR0591,Chevrolet,Equinox,2022,Vermelho,37362,57680,Vendido,2025-07-29,VEND03,Pickup
CAR0592,Toyota,RAV4,2020,Preto,64164,63592,Vendido,2025-06-25,VEND08,Hatchback
CAR0593,Volkswagen,Tiguan,2020,Azul,75173,59824,Reservado,2025-11-29,VEND04,Sedan
CAR0594,Chevrolet,Malibu,2023,Azul,52091,98045,Disponível,2024-12-28,VEND05,SUV
CAR0595,Honda,Accord,2024,Cinza,78389,42859,Disponível,2025-10-13,VEND02,Hatchback
CAR0596,Ford,Escape,2024,Cinza,25405,33551,Disponível,2025-04-29,VEND03,Hatchback
CAR0597,Nissan,Altima,2021,Vermelho,63448,60484,Vendido,2024-12-20,VEND04,Sedan
CAR0598,Chevrolet,Cruze,2021,Vermelho,46516,56420,Disponível,2025-03-23,VEND02,SUV
CAR0599,Ford,Escape,2020,Preto,56700,25618,Vendido,2025-05-03,VEND09,SUV
CAR0600,Hyundai,Santa Fe,2024,Azul,36630,45360,Disponível,2025-03-29,VEND07,SUV
CAR0601,Toyota,Corolla,2022,Cinza,66796,80630,Vendido,2025-10-21,VEND06,SUV
CAR0602,Volkswagen,Passat,2024,Cinza,68677,15745,Vendido,2025-05-24,VEND02,Hatchback
CAR0603,Chevrolet,Silverado,2020,Branco,47183,50058,Disponível,2025-04-21,VEND06,Pickup
CAR0604,Honda,Accord,2022,Cinza,60712,48787,Disponível,2025-04-14,VEND08,Hatchback
CAR0605,Ford,F-150,2024,Prata,62363,22167,Vendido,2025-11-12,VEND03,Hatchback
CAR0606,Nissan,Pathfinder,2022,Preto,76405,40236,Disponível,2024-12-18,VEND01,Sedan
CAR0607,Nissan,Rogue,2021,Prata,36141,96569,Vendido,2025-09-08,VEND08,Sedan
CAR0608,Honda,CR-V,2020,Prata,51470,93841,Reservado,2025-03-27,VEND07,SUV
CAR0609,Ford,Fusion,2024,Prata,66395,60946,Disponível,2025-01-18,VEND01,Sedan
CAR0610,Nissan,Pathfinder,2020,Azul,42689,52868,Disponível,2025-09-16,VEND09,Pickup
CAR0611,Toyota,RAV4,2021,Preto,75227,41867,Reservado,2025-06-10,VEND09,SUV
CAR0612,Hyundai,Elantra,2020,Vermelho,30043,37681,Disponível,2025-07-29,VEND01,Sedan
CAR0613,Hyundai,Santa Fe,2020,Preto,37712,17454,Reservado,2025-05-31,VEND08,Hatchback
CAR0614,Volkswagen,Atlas,2021,Vermelho,37362,15879,Vendido,2025-08-06,VEND08,SUV
CAR0615,Ford,F-150,2022,Preto,49009,2260,Disponível,2025-06-24,VEND10,Hatchback
CAR0616,Honda,Civic,2023,Vermelho,70940,13261,Disponível,2025-01-08,VEND02,Pickup
CAR0617,Nissan,Sentra,2020,Branco,45032,33300,Disponível,2025-09-21,VEND02,Sedan
CAR0618,Hyundai,Sonata,2023,Prata,40642,32522,Vendido,2025-10-21,VEND08,Pickup
CAR0619,Toyota,RAV4,2020,Cinza,74987,7374,Disponível,2025-07-07,VEND07,SUV
CAR0620,Volkswagen,Passat,2024,Cinza,28605,66479,Disponível,2025-11-17,VEND02,Hatchback
CAR0621,Toyota,RAV4,2023,Azul,61377,51276,Disponível,2025-07-07,VEND03,Sedan
CAR0622,Chevrolet,Malibu,2022,Cinza,76407,82974,Disponível,2025-11-12,VEND05,Hatchback
CAR0623,Honda,Pilot,2022,Azul,66269,5440,Disponível,2024-12-16,VEND04,Pickup
CAR0624,Honda,Civic,2022,Prata,69410,58583,Disponível,2025-06-13,VEND06,SUV
CAR0625,Ford,Fusion,2024,Cinza,32911,49259,Disponível,2025-05-31,VEND04,Pickup
CAR0626,Volkswagen,Jetta,2021,Vermelho,42612,70921,Disponível,2025-08-21,VEND07,SUV
CAR0627,Hyundai,Sonata,2021,Cinza,79708,6814,Disponível,2025-11-07,VEND05,Pickup
CAR0628,Honda,CR-V,2024,Branco,38481,85385,Vendido,2025-06-02,VEND05,Pickup
CAR0629,Honda,Pilot,2024,Prata,69069,49891,Reservado,2025-05-14,VEND02,Hatchback
CAR0630,Nissan,Altima,2021,Prata,72539,59398,Vendido,2025-01-31,VEND10,Pickup
CAR0631,Honda,Accord,2020,Branco,25588,47440,Disponível,2025-08-16,VEND05,Hatchback
CAR0632,Hyundai,Tucson,2023,Azul,44692,83926,Disponível,2025-09-01,VEND09,Sedan
CAR0633,Hyundai,Santa Fe,2021,Vermelho,40117,84891,Vendido,2025-01-09,VEND03,Pickup
CAR0634,Nissan,Pathfinder,2024,Vermelho,66352,71215,Reservado,2025-10-16,VEND08,Pickup
CAR0635,Honda,Civic,2022,Branco,79985,11913,Vendido,2025-05-24,VEND05,Hatchback
CAR0636,Chevrolet,Equinox,2024,Cinza,68476,94277,Vendido,2025-07-07,VEND07,Hatchback
CAR0637,Chevrolet,Cruze,2021,Branco,73099,75258,Disponível,2024-12-05,VEND03,Sedan
CAR0638,Honda,Civic,2024,Cinza,50955,50680,Disponível,2025-08-29,VEND06,SUV
CAR0639,Toyota,Prius,2024,Cinza,52793,61215,Vendido,2025-11-20,VEND05,Sedan
CAR0640,Volkswagen,Jetta,2023,Cinza,28694,6257,Vendido,2025-01-21,VEND09,Pickup
CAR0641,Toyota,Corolla,2024,Cinza,79255,97430,Disponível,2025-09-03,VEND10,Hatchback
CAR0642,Toyota,RAV4,2023,Azul,42523,3581,Disponível,2025-03-18,VEND07,Hatchback
CAR0643,Chevrolet,Silverado,2020,Cinza,76672,70913,Disponível,2025-07-04,VEND07,SUV
CAR0644,Honda,Pilot,2022,Branco,28894,46534,Disponível,2025-02-25,VEND01,SUV
CAR0645,Toyota,RAV4,2023,Branco,34172,56703,Vendido,2024-12-14,VEND10,Sedan
CAR0646,Hyundai,Santa Fe,2024,Cinza,25288,69685,Disponível,2025-03-11,VEND03,SUV
CAR0647,Nissan,Pathfinder,2020,Branco,64960,42818,Disponível,2025-06-15,VEND08,Pickup
CAR0648,Hyundai,Sonata,2024,Azul,59960,89767,Vendido,2025-01-09,VEND09,SUV
CAR0649,Ford,Focus,2022,Branco,55212,84710,Disponível,2025-08-12,VEND05,SUV
CAR0650,Nissan,Pathfinder,2023,Cinza,59861,42724,Disponível,2025-01-17,VEND06,Pickup
CAR0651,Nissan,Sentra,2020,Vermelho,77121,74022,Disponível,2025-10-03,VEND03,SUV
CAR0652,Volkswagen,Passat,2024,Prata,33318,75256,Disponível,2025-10-19,VEND01,Pickup
CAR0653,Chevrolet,Malibu,2020,Vermelho,43003,76654,Vendido,2025-01-31,VEND10,Pickup
CAR0654,Hyundai,Elantra,2021,Cinza,78588,17862,Disponível,2025-10-21,VEND05,Sedan
CAR0655,Volkswagen,Tiguan,2023,Cinza,47871,90125,Vendido,2025-02-03,VEND06,SUV
CAR0656,Nissan,Sentra,2023,Prata,40178,82409,Disponível,2025-10-28,VEND10,Sedan
CAR0657,Ford,Escape,2023,Vermelho,58696,54296,Vendido,2025-07-13,VEND07,SUV
CAR0658,Honda,Civic,2020,Azul,34786,37744,Vendido,2025-04-04,VEND03,SUV
CAR0659,Hyundai,Elantra,2024,Cinza,54319,24598,Vendido,2025-02-10,VEND05,Hatchback
CAR0660,Chevrolet,Malibu,2021,Preto,43598,35395,Disponível,2025-04-08,VEND08,SUV
CAR0661,Nissan,Altima,2022,Prata,52467,49500,Vendido,2025-01-24,VEND02,SUV
CAR0662,Chevrolet,Equinox,2022,Azul,33906,70707,Disponível,2025-07-30,VEND07,Sedan
CAR0663,Nissan,Pathfinder,2024,Prata,48540,17359,Disponível,2025-07-03,VEND09,Hatchback
CAR0664,Honda,Civic,2024,Preto,76287,16304,Disponível,2025-06-26,VEND10,Sedan
CAR0665,Nissan,Altima,2020,Prata,66472,45113,Disponível,2025-10-31,VEND06,Sedan
CAR0666,Honda,Accord,2022,Cinza,71171,55581,Disponível,2025-10-31,VEND04,Hatchback
CAR0667,Hyundai,Santa Fe,2021,Vermelho,32913,55201,Vendido,2025-03-11,VEND05,Sedan
CAR0668,Toyota,RAV4,2024,Vermelho,58946,83925,Disponível,2025-09-11,VEND01,Sedan
CAR0669,Toyota,Prius,2020,Cinza,61251,21382,Vendido,2025-05-15,VEND09,Hatchback
CAR0670,Ford,F-150,2022,Vermelho,40113,23853,Disponível,2025-07-21,VEND07,Pickup
CAR0671,Nissan,Rogue,2024,Cinza,65020,26312,Vendido,2025-08-09,VEND02,Pickup
CAR0672,Volkswagen,Jetta,2023,Cinza,59262,5855,Reservado,2025-07-12,VEND04,Pickup
CAR0673,Toyota,Camry,2020,Branco,73583,31773,Disponível,2025-07-16,VEND03,Sedan
CAR0674,Chevrolet,Equinox,2022,Branco,59092,94883,Disponível,2024-12-31,VEND10,Hatchback
CAR0675,Chevrolet,Silverado,2023,Branco,74615,9646,Disponível,2025-08-12,VEND09,SUV
CAR0676,Volkswagen,Atlas,2020,Branco,70259,79586,Vendido,2025-04-08,VEND06,Hatchback
CAR0677,Hyundai,Tucson,2022,Cinza,25262,37759,Disponível,2025-05-31,VEND08,Hatchback
CAR0678,Ford,Escape,2024,Preto,55196,83963,Disponível,2024-12-06,VEND08,SUV
CAR0679,Ford,Fusion,2020,Branco,65804,4164,Vendido,2025-05-25,VEND10,Hatchback
CAR0680,Honda,Civic,2021,Branco,51129,60302,Vendido,2025-04-10,VEND09,Sedan
CAR0681,Toyota,Camry,2023,Prata,79805,61905,Disponível,2025-04-06,VEND03,Hatchback
CAR0682,Honda,CR-V,2024,Branco,71903,72037,Vendido,2024-12-23,VEND06,Hatchback
CAR0683,Chevrolet,Malibu,2022,Branco,68939,62649,Vendido,2025-01-23,VEND06,Sedan
CAR0684,Ford,Fusion,2022,Azul,28055,24833,Disponível,2025-09-11,VEND05,SUV
CAR0685,Honda,Civic,2022,Prata,50305,79891,Disponível,2025-11-22,VEND03,Hatchback
CAR0686,Nissan,Sentra,2020,Azul,40463,65368,Vendido,2025-08-25,VEND04,SUV
CAR0687,Toyota,Corolla,2024,Branco,47512,98427,Vendido,2025-07-14,VEND01,SUV
CAR0688,Volkswagen,Atlas,2024,Azul,64758,90641,Vendido,2025-02-09,VEND07,Hatchback
CAR0689,Nissan,Sentra,2020,Vermelho,30534,6575,Vendido,2025-07-04,VEND02,SUV
CAR0690,Toyota,Prius,2023,Azul,59651,38460,Disponível,2025-06-23,VEND02,SUV
CAR0691,Toyota,RAV4,2020,Preto,67100,35862,Disponível,2025-03-21,VEND03,Hatchback
CAR0692,Ford,F-150,2024,Vermelho,53712,40239,Disponível,2025-08-31,VEND08,Sedan
CAR0693,Hyundai,Santa Fe,2023,Vermelho,79252,2126,Vendido,2024-12-07,VEND10,Pickup
CAR0694,Volkswagen,Tiguan,2023,Branco,74292,20194,Disponível,2025-01-03,VEND06,Pickup
CAR0695,Hyundai,Santa Fe,2023,Prata,63704,5125,Vendido,2025-09-04,VEND04,Sedan
CAR0696,Honda,Accord,2021,Preto,59864,16175,Disponível,2025-07-11,VEND04,Pickup
CAR0697,Nissan,Rogue,2023,Branco,39839,7913,Disponível,2025-06-09,VEND10,Sedan
CAR0698,Nissan,Altima,2021,Prata,62014,3000,Disponível,2025-05-21,VEND03,Hatchback
CAR0699,Volkswagen,Jetta,2022,Preto,74759,14855,Reservado,2025-12-02,VEND02,Pickup
CAR0700,Toyota,Corolla,2020,Preto,50603,59416,Disponível,2025-10-05,VEND01,Sedan
CAR0701,Toyota,RAV4,2022,Branco,27408,95467,Reservado,2025-10-30,VEND06,SUV
CAR0702,Volkswagen,Tiguan,2023,Vermelho,35807,30693,Disponível,2025-09-28,VEND04,Hatchback
CAR0703,Toyota,RAV4,2022,Azul,34415,24286,Vendido,2025-07-11,VEND08,SUV
CAR0704,Honda,Pilot,2021,Branco,49951,23191,Reservado,2025-02-14,VEND09,Sedan
CAR0705,Chevrolet,Equinox,2020,Azul,56279,9829,Disponível,2025-03-07,VEND02,SUV
CAR0706,Hyundai,Elantra,2024,Prata,53409,54193,Disponível,2025-02-27,VEND03,Pickup
CAR0707,Nissan,Rogue,2022,Vermelho,30602,56050,Vendido,2025-09-20,VEND01,SUV
CAR0708,Toyota,RAV4,2020,Azul,32484,1185,Disponível,2025-02-08,VEND03,Pickup
CAR0709,Volkswagen,Atlas,2020,Branco,51283,74178,Vendido,2025-01-21,VEND07,Sedan
CAR0710,Volkswagen,Jetta,2023,Azul,47478,28739,Vendido,2025-04-15,VEND09,Pickup
CAR0711,Volkswagen,Jetta,2023,Branco,66928,42353,Disponível,2025-04-18,VEND03,Pickup
CAR0712,Toyota,Corolla,2022,Preto,31813,51350,Disponível,2025-10-12,VEND01,Hatchback
CAR0713,Volkswagen,Jetta,2023,Branco,65908,44182,Disponível,2025-09-26,VEND07,Pickup
CAR0714,Nissan,Altima,2022,Prata,25199,14919,Disponível,2025-06-11,VEND06,Sedan
CAR0715,Nissan,Altima,2024,Vermelho,77960,53327,Vendido,2025-07-02,VEND08,Pickup
CAR0716,Chevrolet,Cruze,2024,Preto,62111,6768,Disponível,2025-09-19,VEND01,Sedan
CAR0717,Nissan,Rogue,2022,Preto,52574,92387,Disponível,2025-05-02,VEND01,Pickup
CAR0718,Volkswagen,Jetta,2022,Vermelho,29773,41341,Disponível,2025-11-05,VEND06,Pickup
CAR0719,Volkswagen,Tiguan,2024,Vermelho,54706,66788,Disponível,2025-09-10,VEND09,Sedan
CAR0720,Nissan,Rogue,2024,Branco,37996,77014,Disponível,2025-07-19,VEND09,Sedan
CAR0721,Toyota,Prius,2024,Branco,35906,14993,Disponível,2025-01-16,VEND10,Hatchback
CAR0722,Hyundai,Tucson,2021,Azul,33220,9054,Vendido,2025-01-01,VEND05,Hatchback
CAR0723,Honda,Pilot,2022,Branco,73561,66749,Vendido,2025-08-25,VEND07,Sedan
CAR0724,Nissan,Altima,2021,Azul,53851,68320,Disponível,2025-05-14,VEND04,Pickup
CAR0725,Volkswagen,Atlas,2024,Branco,56632,97284,Disponível,2025-02-10,VEND08,SUV
CAR0726,Volkswagen,Jetta,2024,Vermelho,54206,14433,Vendido,2025-02-22,VEND07,Pickup
CAR0727,Volkswagen,Passat,2020,Branco,40971,60657,Vendido,2025-04-03,VEND05,Hatchback
CAR0728,Volkswagen,Jetta,2022,Branco,73038,37207,Vendido,2025-05-05,VEND04,SUV
CAR0729,Honda,Civic,2021,Vermelho,25903,55943,Vendido,2025-05-30,VEND02,SUV
CAR0730,Volkswagen,Passat,2020,Cinza,67268,81362,Vendido,2025-08-01,VEND08,SUV
CAR0731,Nissan,Rogue,2024,Branco,41699,98722,Vendido,2025-02-02,VEND05,SUV
CAR0732,Chevrolet,Equinox,2021,Branco,78690,89709,Vendido,2025-02-12,VEND02,Pickup
CAR0733,Toyota,Camry,2023,Cinza,53312,56078,Vendido,2025-05-29,VEND06,Hatchback
CAR0734,Honda,CR-V,2023,Branco,35515,99768,Vendido,2025-11-14,VEND01,Hatchback
CAR0735,Toyota,Corolla,2022,Preto,54539,92275,Disponível,2025-09-17,VEND03,SUV
CAR0736,Honda,Civic,2024,Cinza,49820,32170,Vendido,2025-05-27,VEND07,Hatchback
CAR0737,Volkswagen,Atlas,2023,Preto,63468,5448,Disponível,2024-12-08,VEND09,Hatchback
CAR0738,Nissan,Sentra,2022,Branco,48732,86627,Vendido,2025-02-22,VEND03,Pickup
CAR0739,Chevrolet,Silverado,2023,Vermelho,69782,33751,Vendido,2025-07-02,VEND05,Pickup
CAR0740,Nissan,Pathfinder,2024,Azul,76431,93057,Disponível,2025-04-17,VEND03,Sedan
CAR0741,Nissan,Rogue,2020,Vermelho,58709,786,Disponível,2024-12-09,VEND08,Pickup
CAR0742,Nissan,Altima,2020,Vermelho,76690,13638,Vendido,2025-10-10,VEND06,SUV
CAR0743,Hyundai,Tucson,2024,Prata,48745,96134,Disponível,2025-06-21,VEND05,Sedan
CAR0744,Chevrolet,Cruze,2024,Prata,59479,35264,Disponível,2025-05-27,VEND04,Hatchback
CAR0745,Honda,CR-V,2020,Azul,50615,69803,Vendido,2025-06-12,VEND02,Hatchback
CAR0746,Ford,Escape,2023,Prata,29437,16849,Reservado,2025-03-14,VEND03,Pickup
CAR0747,Honda,CR-V,2024,Preto,48460,38902,Vendido,2025-01-03,VEND06,Hatchback
CAR0748,Toyota,Camry,2024,Prata,39741,66716,Reservado,2025-02-21,VEND03,Pickup
CAR0749,Honda,Civic,2022,Prata,59588,973,Disponível,2025-05-08,VEND02,Pickup
CAR0750,Chevrolet,Malibu,2023,Prata,36896,71570,Vendido,2025-08-13,VEND06,Hatchback
CAR0751,Chevrolet,Malibu,2024,Preto,45217,34237,Disponível,2025-09-09,VEND02,Pickup
CAR0752,Chevrolet,Silverado,2020,Preto,71811,4900,Disponível,2025-11-27,VEND08,Pickup
CAR0753,Nissan,Pathfinder,2020,Prata,74061,3880,Vendido,2025-11-18,VEND08,Hatchback
CAR0754,Ford,F-150,2020,Cinza,73533,5788,Vendido,2025-08-06,VEND04,Hatchback
CAR0755,Honda,Accord,2022,Azul,51437,12671,Disponível,2025-05-04,VEND04,Pickup
CAR0756,Honda,CR-V,2024,Preto,38677,70918,Disponível,2025-04-23,VEND02,Sedan
CAR0757,Ford,Fusion,2022,Azul,28647,14654,Disponível,2025-06-30,VEND04,SUV
CAR0758,Toyota,Camry,2024,Azul,70362,43309,Disponível,2025-02-20,VEND06,Pickup
CAR0759,Honda,Civic,2021,Prata,66382,74920,Vendido,2025-01-07,VEND01,Hatchback
CAR0760,Honda,CR-V,2024,Cinza,49764,42251,Disponível,2025-09-07,VEND02,Pickup
CAR0761,Honda,Pilot,2023,Azul,28662,58988,Disponível,2025-02-05,VEND01,Sedan
CAR0762,Chevrolet,Cruze,2021,Branco,65294,9929,Disponível,2024-12-06,VEND01,Sedan
CAR0763,Hyundai,Tucson,2023,Vermelho,52943,29928,Vendido,2025-10-31,VEND04,Pickup
CAR0764,Ford,Fusion,2022,Azul,76337,66928,Reservado,2024-12-08,VEND03,Hatchback
CAR0765,Honda,CR-V,2023,Preto,49181,42949,Vendido,2025-06-08,VEND10,Hatchback
CAR0766,Nissan,Pathfinder,2022,Branco,73290,84871,Disponível,2025-09-09,VEND07,Hatchback
CAR0767,Hyundai,Elantra,2022,Prata,68531,25369,Vendido,2025-06-19,VEND08,Sedan
CAR0768,Nissan,Pathfinder,2023,Cinza,33141,50351,Vendido,2025-09-28,VEND06,Pickup
CAR0769,Toyota,Prius,2023,Azul,43116,22622,Disponível,2025-02-23,VEND07,Hatchback
CAR0770,Toyota,Camry,2024,Branco,47935,80404,Disponível,2025-10-16,VEND01,Sedan
CAR0771,Volkswagen,Atlas,2024,Preto,31709,5383,Reservado,2025-01-13,VEND06,SUV
CAR0772,Hyundai,Sonata,2020,Branco,77718,91591,Disponível,2025-08-21,VEND03,Sedan
CAR0773,Hyundai,Tucson,2023,Azul,57747,7648,Disponível,2025-05-05,VEND06,Sedan
CAR0774,Nissan,Rogue,2021,Preto,32641,18871,Disponível,2025-03-26,VEND09,Pickup
CAR0775,Ford,Fusion,2021,Azul,70780,77125,Vendido,2025-09-08,VEND04,Hatchback
CAR0776,Chevrolet,Equinox,2020,Branco,53888,7374,Disponível,2024-12-14,VEND09,SUV
CAR0777,Honda,Pilot,2020,Branco,27614,86413,Disponível,2025-11-28,VEND10,Hatchback
CAR0778,Hyundai,Sonata,2023,Prata,58592,71311,Disponível,2025-03-09,VEND03,Sedan
CAR0779,Ford,F-150,2020,Preto,53085,44414,Disponível,2025-11-29,VEND02,Pickup
CAR0780,Honda,Civic,2024,Cinza,50768,38728,Vendido,2025-09-15,VEND06,Pickup
CAR0781,Honda,CR-V,2020,Branco,49196,17807,Disponível,2025-08-11,VEND06,Hatchback
CAR0782,Volkswagen,Jetta,2024,Azul,56308,36197,Vendido,2025-04-14,VEND04,Sedan
CAR0783,Honda,Civic,2023,Branco,37118,84057,Vendido,2024-12-27,VEND02,Sedan
CAR0784,Ford,F-150,2024,Branco,65596,25557,Disponível,2025-06-27,VEND01,Pickup
CAR0785,Honda,Pilot,2021,Vermelho,56689,72500,Disponível,2025-05-07,VEND05,Hatchback
CAR0786,Toyota,Prius,2020,Cinza,43180,44249,Vendido,2025-02-18,VEND07,Sedan
CAR0787,Volkswagen,Passat,2024,Branco,33257,8312,Vendido,2025-08-13,VEND10,SUV
CAR0788,Ford,Escape,2023,Branco,60246,81067,Disponível,2025-08-28,VEND07,SUV
CAR0789,Chevrolet,Malibu,2021,Branco,37259,38241,Disponível,2025-03-31,VEND09,Hatchback
CAR0790,Hyundai,Tucson,2021,Preto,28480,87704,Disponível,2025-01-01,VEND08,SUV
CAR0791,Chevrolet,Silverado,2024,Branco,27651,36878,Disponível,2025-09-20,VEND05,Sedan
CAR0792,Ford,Focus,2024,Cinza,74193,11066,Vendido,2025-04-28,VEND07,Hatchback
CAR0793,Hyundai,Sonata,2023,Prata,71450,89606,Vendido,2025-11-26,VEND08,Hatchback
CAR0794,Volkswagen,Tiguan,2020,Branco,51041,88376,Reservado,2024-12-10,VEND03,Hatchback
CAR0795,Chevrolet,Cruze,2020,Azul,72690,99894,Disponível,2025-02-18,VEND01,SUV
CAR0796,Toyota,Corolla,2023,Cinza,79002,2860,Disponível,2025-05-01,VEND04,SUV
CAR0797,Ford,Focus,2022,Prata,67147,67772,Reservado,2025-09-15,VEND07,Hatchback
CAR0798,Hyundai,Tucson,2022,Cinza,43623,68251,Disponível,2025-10-03,VEND07,Sedan
CAR0799,Volkswagen,Jetta,2021,Branco,28729,19029,Disponível,2025-05-18,VEND10,SUV
CAR0800,Ford,Focus,2023,Preto,63717,84326,Disponível,2025-04-30,VEND05,Sedan
CAR0801,Chevrolet,Silverado,2022,Prata,58722,90086,Disponível,2024-12-22,VEND02,Hatchback
CAR0802,Nissan,Sentra,2023,Branco,26132,70575,Disponível,2025-11-13,VEND05,Hatchback
CAR0803,Hyundai,Sonata,2024,Branco,48385,8824,Vendido,2025-09-25,VEND09,Sedan
CAR0804,Volkswagen,Atlas,2022,Vermelho,41101,16617,Disponível,2025-08-01,VEND04,Pickup
CAR0805,Nissan,Sentra,2023,Prata,39150,76094,Disponível,2025-08-29,VEND07,Pickup
CAR0806,Chevrolet,Equinox,2024,Azul,73587,64000,Disponível,2024-12-05,VEND07,Pickup
CAR0807,Chevrolet,Malibu,2020,Preto,59805,3305,Vendido,2025-06-09,VEND08,Sedan
CAR0808,Honda,CR-V,2024,Cinza,33892,83403,Disponível,2025-06-16,VEND09,SUV
CAR0809,Hyundai,Santa Fe,2020,Prata,25033,6847,Disponível,2025-10-16,VEND06,Hatchback
CAR0810,Hyundai,Elantra,2024,Vermelho,65923,6046,Reservado,2025-05-08,VEND02,Pickup
CAR0811,Toyota,RAV4,2020,Vermelho,75782,83994,Reservado,2025-08-28,VEND08,Sedan
CAR0812,Volkswagen,Tiguan,2022,Vermelho,63543,18822,Disponível,2025-05-08,VEND08,Sedan
CAR0813,Nissan,Sentra,2023,Branco,53503,79352,Disponível,2025-09-10,VEND02,Sedan
CAR0814,Honda,Pilot,2020,Cinza,27513,69704,Disponível,2025-05-27,VEND02,Pickup
CAR0815,Toyota,Prius,2024,Branco,64919,13996,Disponível,2025-05-10,VEND07,Pickup
CAR0816,Nissan,Pathfinder,2022,Azul,42583,49163,Disponível,2025-05-16,VEND06,SUV
CAR0817,Chevrolet,Malibu,2020,Prata,48700,24917,Disponível,2025-01-31,VEND08,Hatchback
CAR0818,Toyota,RAV4,2020,Branco,40559,29325,Vendido,2025-03-12,VEND05,Hatchback
CAR0819,Toyota,Corolla,2021,Cinza,42149,82525,Reservado,2025-01-11,VEND04,SUV
CAR0820,Volkswagen,Passat,2020,Cinza,71603,43957,Vendido,2025-11-28,VEND03,SUV
CAR0821,Ford,F-150,2023,Prata,60221,64669,Disponível,2025-10-06,VEND01,Hatchback
CAR0822,Toyota,Prius,2020,Vermelho,38560,53644,Vendido,2025-11-13,VEND03,Hatchback
CAR0823,Hyundai,Elantra,2023,Branco,31931,77721,Disponível,2025-10-10,VEND02,Hatchback
CAR0824,Hyundai,Elantra,2023,Preto,32200,80729,Disponível,2025-08-31,VEND09,Hatchback
CAR0825,Volkswagen,Jetta,2024,Branco,65237,82584,Disponível,2025-10-21,VEND06,Sedan
CAR0826,Toyota,RAV4,2022,Cinza,60802,41401,Vendido,2025-02-25,VEND09,SUV
CAR0827,Chevrolet,Malibu,2020,Branco,33643,89396,Vendido,2025-07-11,VEND02,Hatchback
CAR0828,Honda,Civic,2021,Branco,43072,87205,Disponível,2025-02-19,VEND04,Sedan
CAR0829,Volkswagen,Passat,2023,Vermelho,52497,70671,Vendido,2025-02-24,VEND03,Pickup
CAR0830,Chevrolet,Cruze,2022,Cinza,56811,87162,Disponível,2024-12-12,VEND01,Pickup
CAR0831,Ford,F-150,2024,Preto,57609,58510,Disponível,2025-09-06,VEND10,Pickup
CAR0832,Volkswagen,Jetta,2022,Prata,52352,673,Disponível,2025-06-21,VEND07,Hatchback
CAR0833,Hyundai,Tucson,2021,Branco,43720,95773,Reservado,2025-03-13,VEND08,Pickup
CAR0834,Volkswagen,Atlas,2024,Vermelho,27589,22078,Disponível,2025-05-03,VEND09,Pickup
CAR0835,Chevrolet,Silverado,2021,Preto,61568,58058,Disponível,2024-12-15,VEND04,SUV
CAR0836,Volkswagen,Tiguan,2022,Cinza,25256,3387,Disponível,2025-06-20,VEND02,Pickup
CAR0837,Hyundai,Sonata,2020,Preto,38310,8053,Vendido,2025-08-19,VEND05,SUV
CAR0838,Ford,Fusion,2024,Azul,28039,23645,Disponível,2025-09-18,VEND07,Pickup
CAR0839,Volkswagen,Jetta,2024,Cinza,53306,70459,Vendido,2025-04-20,VEND05,SUV
CAR0840,Volkswagen,Tiguan,2021,Branco,29610,93830,Disponível,2025-01-31,VEND09,Sedan
CAR0841,Volkswagen,Passat,2021,Cinza,30259,30562,Disponível,2025-11-15,VEND07,Sedan
CAR0842,Honda,Civic,2020,Vermelho,45631,92778,Reservado,2025-01-12,VEND09,SUV
CAR0843,Nissan,Pathfinder,2020,Prata,26257,84764,Vendido,2025-07-20,VEND09,SUV
CAR0844,Volkswagen,Jetta,2022,Azul,47971,85103,Vendido,2025-01-08,VEND05,Hatchback
CAR0845,Ford,Escape,2023,Preto,51003,37523,Disponível,2025-03-09,VEND08,Sedan
CAR0846,Ford,Focus,2024,Azul,77431,12675,Disponível,2025-01-11,VEND05,Hatchback
CAR0847,Ford,Fusion,2021,Preto,77507,71772,Disponível,2025-05-08,VEND08,Sedan
CAR0848,Chevrolet,Malibu,2023,Vermelho,30883,19715,Disponível,2025-07-22,VEND10,SUV
CAR0849,Nissan,Sentra,2022,Branco,75381,39382,Disponível,2025-08-06,VEND04,SUV
CAR0850,Honda,Civic,2022,Azul,27302,63008,Vendido,2025-10-21,VEND01,Pickup
CAR0851,Hyundai,Sonata,2023,Cinza,73614,27763,Disponível,2025-11-17,VEND01,Sedan
CAR0852,Toyota,Corolla,2022,Vermelho,27656,50780,Disponível,2025-06-24,VEND05,Hatchback
CAR0853,Nissan,Rogue,2023,Preto,52754,9702,Disponível,2025-11-04,VEND01,Sedan
CAR0854,Toyota,Corolla,2022,Preto,47679,79387,Disponível,2025-03-03,VEND07,Sedan
CAR0855,Toyota,Prius,2024,Branco,60375,33281,Vendido,2025-08-01,VEND10,Pickup
CAR0856,Toyota,Camry,2024,Branco,52533,44705,Vendido,2024-12-13,VEND10,Hatchback
CAR0857,Toyota,Camry,2021,Prata,63569,78441,Disponível,2025-05-29,VEND07,SUV
CAR0858,Nissan,Pathfinder,2022,Prata,36694,22118,Disponível,2025-02-27,VEND09,Pickup
CAR0859,Ford,F-150,2021,Branco,42384,63909,Disponível,2025-04-24,VEND03,Hatchback
CAR0860,Hyundai,Tucson,2024,Branco,30325,59635,Disponível,2025-01-30,VEND04,SUV
CAR0861,Toyota,Corolla,2023,Branco,60197,43712,Reservado,2024-12-20,VEND07,SUV
CAR0862,Chevrolet,Silverado,2021,Cinza,48780,37196,Vendido,2025-02-09,VEND08,Sedan
CAR0863,Hyundai,Sonata,2020,Branco,58494,76558,Vendido,2025-07-08,VEND08,Hatchback
CAR0864,Honda,Accord,2021,Vermelho,66330,12349,Disponível,2025-07-29,VEND05,Hatchback
CAR0865,Ford,Focus,2023,Cinza,46921,37931,Disponível,2025-10-12,VEND04,Hatchback
CAR0866,Ford,Focus,2021,Azul,53193,74390,Disponível,2025-11-05,VEND06,Hatchback
CAR0867,Toyota,Corolla,2024,Cinza,46764,3912,Vendido,2025-07-13,VEND08,Hatchback
CAR0868,Hyundai,Elantra,2021,Preto,46794,69617,Vendido,2025-11-12,VEND10,Pickup
CAR0869,Hyundai,Elantra,2023,Cinza,72642,79115,Disponível,2025-09-25,VEND09,SUV
CAR0870,Hyundai,Santa Fe,2024,Preto,73105,67026,Disponível,2025-05-06,VEND05,Sedan
CAR0871,Hyundai,Elantra,2020,Vermelho,43941,47455,Disponível,2025-08-21,VEND03,Pickup
CAR0872,Honda,Pilot,2024,Preto,70388,78316,Disponível,2025-04-01,VEND06,Hatchback
CAR0873,Honda,CR-V,2022,Branco,75058,4954,Disponível,2025-11-29,VEND03,Hatchback
CAR0874,Honda,CR-V,2021,Azul,52405,29870,Vendido,2025-06-18,VEND09,Pickup
CAR0875,Nissan,Pathfinder,2024,Azul,56981,3942,Disponível,2024-12-31,VEND09,Pickup
CAR0876,Volkswagen,Atlas,2022,Vermelho,30678,79834,Disponível,2025-04-30,VEND06,Pickup
CAR0877,Hyundai,Sonata,2021,Cinza,75713,11033,Disponível,2025-09-17,VEND08,Hatchback
CAR0878,Chevrolet,Cruze,2021,Prata,65603,93407,Reservado,2025-02-16,VEND01,Hatchback
CAR0879,Chevrolet,Equinox,2022,Azul,72535,51975,Vendido,2025-03-17,VEND09,Hatchback
CAR0880,Ford,Focus,2024,Vermelho,58407,41917,Vendido,2025-03-29,VEND03,Hatchback
CAR0881,Volkswagen,Tiguan,2023,Preto,71789,31004,Reservado,2024-12-13,VEND06,Sedan
CAR0882,Chevrolet,Equinox,2022,Cinza,42313,26760,Vendido,2025-06-29,VEND07,Hatchback
CAR0883,Chevrolet,Equinox,2023,Branco,37209,26753,Reservado,2025-08-03,VEND09,Sedan
CAR0884,Nissan,Altima,2020,Azul,43854,57303,Vendido,2024-12-10,VEND01,Pickup
CAR0885,Volkswagen,Atlas,2023,Cinza,33790,94038,Reservado,2025-10-31,VEND03,Pickup
CAR0886,Hyundai,Sonata,2024,Cinza,78493,94402,Disponível,2025-01-26,VEND04,SUV
CAR0887,Toyota,RAV4,2021,Preto,75054,58866,Vendido,2025-10-27,VEND03,SUV
CAR0888,Chevrolet,Cruze,2023,Azul,26183,93254,Disponível,2025-09-26,VEND09,Pickup
CAR0889,Volkswagen,Passat,2021,Prata,74610,95601,Disponível,2025-01-01,VEND06,Hatchback
CAR0890,Volkswagen,Tiguan,2023,Cinza,44647,47783,Disponível,2025-02-19,VEND02,Hatchback
CAR0891,Toyota,RAV4,2023,Azul,67576,73683,Disponível,2024-12-26,VEND03,Hatchback
CAR0892,Volkswagen,Jetta,2024,Prata,56728,7568,Vendido,2024-12-25,VEND07,SUV
CAR0893,Honda,Pilot,2021,Cinza,62514,88449,Vendido,2025-01-30,VEND06,Pickup
CAR0894,Honda,CR-V,2023,Vermelho,28622,49283,Disponível,2025-11-02,VEND09,Hatchback
CAR0895,Chevrolet,Silverado,2024,Vermelho,35507,1339,Vendido,2025-04-25,VEND10,Pickup
CAR0896,Chevrolet,Cruze,2021,Prata,71707,91326,Disponível,2025-07-26,VEND10,Sedan
CAR0897,Ford,Fusion,2021,Branco,29214,50323,Disponível,2025-07-10,VEND07,Pickup
CAR0898,Hyundai,Tucson,2023,Preto,73040,9036,Disponível,2024-12-29,VEND06,Sedan
CAR0899,Toyota,Camry,2023,Branco,79896,46621,Vendido,2025-02-24,VEND05,Sedan
CAR0900,Nissan,Sentra,2023,Vermelho,37662,55094,Disponível,2025-09-12,VEND02,Hatchback
CAR0901,Volkswagen,Tiguan,2021,Vermelho,65396,41614,Disponível,2025-03-04,VEND06,Pickup
CAR0902,Chevrolet,Malibu,2024,Vermelho,67481,29867,Disponível,2025-01-01,VEND07,Sedan
CAR0903,Ford,F-150,2020,Preto,29299,96825,Vendido,2025-04-09,VEND06,Pickup
CAR0904,Hyundai,Tucson,2022,Azul,51228,78833,Vendido,2025-02-06,VEND02,SUV
CAR0905,Volkswagen,Tiguan,2020,Cinza,66407,68968,Disponível,2025-06-28,VEND10,SUV
CAR0906,Volkswagen,Jetta,2020,Preto,35895,68163,Disponível,2025-05-13,VEND07,Pickup
CAR0907,Nissan,Altima,2022,Prata,63551,73356,Reservado,2024-12-27,VEND06,Hatchback
CAR0908,Nissan,Sentra,2023,Azul,43841,4777,Disponível,2025-05-17,VEND02,Sedan
CAR0909,Ford,F-150,2021,Azul,45021,72018,Vendido,2024-12-12,VEND07,SUV
CAR0910,Chevrolet,Cruze,2024,Azul,31401,39499,Vendido,2025-01-14,VEND07,Hatchback
CAR0911,Nissan,Rogue,2022,Azul,50880,463,Disponível,2025-11-28,VEND01,Hatchback
CAR0912,Hyundai,Elantra,2023,Branco,56438,89235,Vendido,2025-06-04,VEND05,Pickup
CAR0913,Toyota,RAV4,2023,Preto,52945,25387,Disponível,2024-12-12,VEND10,SUV
CAR0914,Honda,Pilot,2021,Azul,61514,45297,Reservado,2025-02-02,VEND05,Pickup
CAR0915,Honda,Civic,2024,Prata,76269,29905,Vendido,2025-11-19,VEND02,Hatchback
CAR0916,Chevrolet,Cruze,2022,Prata,26503,29253,Vendido,2025-02-17,VEND05,SUV
CAR0917,Volkswagen,Jetta,2020,Vermelho,62727,45060,Disponível,2025-06-21,VEND08,Hatchback
CAR0918,Toyota,RAV4,2024,Prata,57580,27055,Vendido,2025-08-07,VEND01,Sedan
CAR0919,Ford,Fusion,2024,Branco,76302,21745,Disponível,2025-03-16,VEND02,Sedan
CAR0920,Toyota,RAV4,2020,Preto,77208,73379,Disponível,2025-10-28,VEND08,Pickup
CAR0921,Chevrolet,Silverado,2020,Vermelho,72543,34616,Disponível,2025-11-09,VEND03,Sedan
CAR0922,Honda,Accord,2020,Azul,66005,69997,Reservado,2025-09-26,VEND08,SUV
CAR0923,Honda,Civic,2020,Prata,48001,61962,Reservado,2025-09-21,VEND08,Hatchback
CAR0924,Volkswagen,Passat,2022,Prata,45883,43831,Disponível,2025-04-06,VEND05,SUV
CAR0925,Volkswagen,Tiguan,2022,Preto,46768,7241,Vendido,2025-10-28,VEND07,Pickup
CAR0926,Honda,Accord,2020,Azul,39385,77949,Vendido,2025-10-28,VEND08,Hatchback
CAR0927,Nissan,Pathfinder,2022,Cinza,47297,14095,Vendido,2025-01-22,VEND10,Hatchback
CAR0928,Toyota,Prius,2023,Azul,50805,28798,Vendido,2024-12-13,VEND01,SUV
CAR0929,Ford,F-150,2021,Branco,38395,74638,Vendido,2025-03-28,VEND03,Hatchback
CAR0930,Toyota,RAV4,2020,Vermelho,61239,68827,Disponível,2025-04-10,VEND08,Hatchback
CAR0931,Honda,Accord,2020,Branco,60224,13872,Vendido,2025-08-11,VEND06,Hatchback
CAR0932,Hyundai,Elantra,2023,Azul,34352,23548,Vendido,2025-11-23,VEND07,Pickup
CAR0933,Hyundai,Sonata,2024,Vermelho,46215,53564,Vendido,2025-07-03,VEND01,Sedan
CAR0934,Nissan,Rogue,2021,Azul,29779,98730,Disponível,2025-02-21,VEND05,Sedan
CAR0935,Toyota,Corolla,2022,Prata,58672,37469,Disponível,2025-09-06,VEND08,Sedan
CAR0936,Ford,Fusion,2023,Azul,45594,6944,Disponível,2025-09-03,VEND09,Hatchback
CAR0937,Hyundai,Sonata,2020,Prata,73922,45713,Vendido,2025-07-11,VEND04,Pickup
CAR0938,Nissan,Rogue,2024,Vermelho,46917,10705,Vendido,2025-05-26,VEND08,Pickup
CAR0939,Volkswagen,Jetta,2022,Prata,32262,11062,Vendido,2025-07-12,VEND09,Pickup
CAR0940,Hyundai,Santa Fe,2022,Cinza,46569,19373,Vendido,2025-05-17,VEND06,Sedan
CAR0941,Volkswagen,Tiguan,2020,Cinza,26335,42581,Vendido,2025-03-09,VEND08,Sedan
CAR0942,Chevrolet,Malibu,2022,Cinza,58476,24725,Disponível,2025-05-23,VEND06,Sedan
CAR0943,Hyundai,Elantra,2023,Azul,68314,2825,Vendido,2025-06-08,VEND10,Pickup
CAR0944,Hyundai,Sonata,2020,Azul,78567,68335,Reservado,2025-10-30,VEND10,Pickup
CAR0945,Nissan,Sentra,2023,Preto,37103,57918,Vendido,2025-07-11,VEND04,Pickup
CAR0946,Ford,Fusion,2021,Prata,62138,93979,Disponível,2025-06-05,VEND04,SUV
CAR0947,Nissan,Altima,2023,Preto,49903,46632,Vendido,2025-09-11,VEND08,SUV
CAR0948,Chevrolet,Silverado,2023,Vermelho,49314,3337,Disponível,2025-01-15,VEND08,Pickup
CAR0949,Chevrolet,Malibu,2020,Vermelho,62634,49058,Disponível,2025-02-18,VEND10,SUV
CAR0950,Chevrolet,Cruze,2024,Preto,59481,29575,Vendido,2025-11-15,VEND06,Sedan
CAR0951,Volkswagen,Jetta,2024,Prata,46733,82241,Vendido,2025-08-12,VEND03,Pickup
CAR0952,Chevrolet,Equinox,2020,Cinza,42819,50197,Disponível,2024-12-06,VEND02,Hatchback
CAR0953,Ford,Focus,2024,Branco,67627,78375,Vendido,2025-08-04,VEND07,Pickup
CAR0954,Nissan,Pathfinder,2022,Branco,58886,76652,Disponível,2025-08-22,VEND07,Sedan
CAR0955,Nissan,Altima,2024,Cinza,65149,22602,Disponível,2025-04-30,VEND10,Sedan
CAR0956,Ford,Escape,2020,Azul,42663,62919,Reservado,2025-05-27,VEND04,Pickup
CAR0957,Hyundai,Elantra,2022,Cinza,27134,3957,Vendido,2025-11-15,VEND01,Hatchback
CAR0958,Volkswagen,Tiguan,2023,Preto,30609,65647,Disponível,2025-03-01,VEND01,Pickup
CAR0959,Nissan,Pathfinder,2024,Vermelho,58943,72507,Disponível,2025-10-14,VEND09,Pickup
CAR0960,Honda,Accord,2024,Cinza,49162,24253,Disponível,2025-02-08,VEND07,Hatchback
CAR0961,Toyota,RAV4,2020,Prata,31042,64885,Vendido,2025-06-19,VEND01,Sedan
CAR0962,Toyota,Prius,2021,Preto,46101,47603,Vendido,2025-01-12,VEND04,SUV
CAR0963,Ford,F-150,2022,Vermelho,58311,58113,Disponível,2025-06-25,VEND06,Hatchback
CAR0964,Chevrolet,Equinox,2021,Branco,27596,82739,Disponível,2025-07-18,VEND10,SUV
CAR0965,Chevrolet,Silverado,2021,Azul,60090,69011,Disponível,2025-09-11,VEND03,Pickup
CAR0966,Ford,Fusion,2020,Vermelho,26717,96700,Disponível,2025-04-28,VEND10,Pickup
CAR0967,Chevrolet,Equinox,2022,Preto,68525,2950,Reservado,2025-05-07,VEND08,Sedan
CAR0968,Hyundai,Sonata,2020,Prata,55234,21067,Disponível,2025-07-16,VEND07,Hatchback
CAR0969,Hyundai,Tucson,2020,Vermelho,76749,76073,Disponível,2025-10-29,VEND06,SUV
CAR0970,Nissan,Altima,2020,Branco,35459,89692,Disponível,2025-08-26,VEND09,SUV
CAR0971,Ford,Focus,2024,Vermelho,31790,94296,Disponível,2025-09-01,VEND02,Pickup
CAR0972,Nissan,Rogue,2020,Cinza,73694,62735,Disponível,2024-12-05,VEND07,Pickup
CAR0973,Nissan,Pathfinder,2022,Cinza,56704,20417,Disponível,2025-05-19,VEND03,Hatchback
CAR0974,Chevrolet,Equinox,2021,Cinza,36512,62566,Disponível,2025-03-26,VEND06,Hatchback
CAR0975,Toyota,Prius,2021,Vermelho,29019,26671,Vendido,2025-04-26,VEND07,Sedan
CAR0976,Hyundai,Santa Fe,2021,Vermelho,73853,94430,Disponível,2025-02-15,VEND07,Sedan
CAR0977,Nissan,Rogue,2023,Preto,53850,43453,Vendido,2025-11-25,VEND06,SUV
CAR0978,Honda,CR-V,2024,Prata,46851,10022,Vendido,2025-01-03,VEND09,Hatchback
CAR0979,Ford,Focus,2020,Preto,58522,29829,Disponível,2025-07-11,VEND05,Hatchback
CAR0980,Nissan,Sentra,2020,Cinza,50118,74407,Disponível,2025-07-26,VEND10,Pickup
CAR0981,Volkswagen,Passat,2020,Prata,35690,62610,Disponível,2025-11-09,VEND05,Hatchback
CAR0982,Volkswagen,Jetta,2023,Preto,46213,16945,Disponível,2025-05-22,VEND05,SUV
CAR0983,Chevrolet,Cruze,2021,Vermelho,43570,88688,Disponível,2025-04-23,VEND08,Sedan
CAR0984,Chevrolet,Silverado,2024,Vermelho,52900,25525,Vendido,2025-09-04,VEND10,Pickup
CAR0985,Nissan,Pathfinder,2022,Azul,73237,19533,Disponível,2025-09-22,VEND03,Sedan
CAR0986,Ford,F-150,2022,Azul,42887,12946,Disponível,2025-04-12,VEND06,SUV
CAR0987,Nissan,Altima,2024,Prata,60597,74695,Disponível,2025-05-15,VEND10,Hatchback
CAR0988,Ford,Fusion,2024,Azul,76000,51712,Disponível,2025-01-04,VEND07,Sedan
CAR0989,Ford,F-150,2024,Branco,54033,68392,Disponível,2025-06-12,VEND01,SUV
CAR0990,Toyota,Prius,2024,Branco,63017,75302,Vendido,2025-04-14,VEND10,Sedan
CAR0991,Ford,F-150,2021,Branco,28548,23877,Disponível,2025-09-15,VEND04,Hatchback
CAR0992,Chevrolet,Malibu,2020,Azul,25314,11510,Disponível,2025-11-26,VEND04,Sedan
CAR0993,Volkswagen,Atlas,2023,Preto,26948,32155,Disponível,2025-08-17,VEND10,Pickup
CAR0994,Chevrolet,Malibu,2024,Prata,40609,16015,Disponível,2025-02-28,VEND08,Hatchback
CAR0995,Volkswagen,Passat,2023,Prata,48082,58195,Disponível,2025-08-21,VEND03,Sedan
CAR0996,Nissan,Pathfinder,2023,Vermelho,30791,26245,Vendido,2024-12-22,VEND04,Hatchback
CAR0997,Volkswagen,Passat,2021,Preto,61490,28535,Disponível,2025-10-29,VEND06,Sedan
CAR0998,Hyundai,Santa Fe,2021,Vermelho,43557,40089,Vendido,2025-09-15,VEND01,Sedan
CAR0999,Toyota,RAV4,2021,Cinza,71748,80942,Vendido,2025-05-12,VEND08,Pickup
CAR1000,Honda,Accord,2022,Branco,53487,88867,Disponível,2025-01-25,VEND01,SUV
